season,game_id,game_date,game_date_display,matchup,team,opponent,team_score,opponent_score,result,player_number,player_name,starter,role_group,minutes,pts,reb,oreb,dreb,ast,tov,stl,blk,fouls,fgm,fga,fg2m,fg2a,fg3m,fg3a,ftm,fta,fg_pct,fg2_pct,fg3_pct,ft_pct,efg_pct,ts_pct,usage_pct,ft_rate,three_pt_rate,two_pt_rate,ast_tov_ratio,ppsa,pts_per36,reb_per36,ast_per36,stl_per36,blk_per36,tov_per36,fouls_per36,impact_score_base,efficiency_bonus,impact_score
2026,2026-06-13_alameda_wolves_vs_oakland_swish,2026-06-13,"Jun 13, 2026",Alameda Wolves vs Oakland Swish,Alameda Wolves,Oakland Swish,68,65,W,0,Aaniya Webb,True,Starter,28.65,4,3,1,2,1,2,2,1,3,0,8,0,2,0,6,4,6,0.0,0.0,0.0,0.6666666666666666,0.0,0.18796992481203006,0.187,0.75,0.75,0.25,0.5,0.5,5.026178010471204,3.769633507853403,1.256544502617801,2.513089005235602,1.256544502617801,2.513089005235602,3.769633507853403,15.100000000000001,-2.4045749454280863,12.695425054571915
2026,2026-06-13_alameda_wolves_vs_oakland_swish,2026-06-13,"Jun 13, 2026",Alameda Wolves vs Oakland Swish,Alameda Wolves,Oakland Swish,68,65,W,2,Jasmyne Huggins,False,Bench,24.45,2,10,5,5,1,0,1,2,2,0,6,0,6,0,0,2,2,0.0,0.0,,1.0,0.0,0.14534883720930233,0.1192,0.3333333333333333,0.0,1.0,,0.3333333333333333,2.94478527607362,14.723926380368098,1.47239263803681,1.47239263803681,2.94478527607362,0.0,2.94478527607362,24.5,-2.830785821455364,21.669214178544635
2026,2026-06-13_alameda_wolves_vs_oakland_swish,2026-06-13,"Jun 13, 2026",Alameda Wolves vs Oakland Swish,Alameda Wolves,Oakland Swish,68,65,W,3,Micah Gray,True,Starter,32.733,13,6,2,4,1,5,0,0,0,4,20,1,11,3,9,2,2,0.2,0.09090909090909091,0.3333333333333333,1.0,0.275,0.3113026819923372,0.335,0.1,0.45,0.55,0.2,0.65,14.297497937860875,6.598845202089635,1.0998075336816058,0.0,0.0,5.499037668408029,0.0,14.2,-1.171247373625015,13.028752626374985
2026,2026-06-13_alameda_wolves_vs_oakland_swish,2026-06-13,"Jun 13, 2026",Alameda Wolves vs Oakland Swish,Alameda Wolves,Oakland Swish,68,65,W,5,Leilani Gonzales,False,Bench,15.183,2,2,1,1,0,0,1,0,0,1,2,1,2,0,0,0,0,0.5,0.5,,,0.5,0.5,0.0558,0.0,0.0,1.0,,1.0,4.742145820983995,4.742145820983995,0.0,2.3710729104919976,0.0,0.0,0.0,7.4,0.7157258064516131,8.115725806451614
2026,2026-06-13_alameda_wolves_vs_oakland_swish,2026-06-13,"Jun 13, 2026",Alameda Wolves vs Oakland Swish,Alameda Wolves,Oakland Swish,68,65,W,7,Bianca McGee,True,Starter,34.517,7,8,2,6,6,4,3,0,1,2,8,1,3,1,5,2,2,0.25,0.3333333333333333,0.2,1.0,0.3125,0.3941441441441441,0.1581,0.25,0.625,0.375,1.5,0.875,7.300750354897586,8.343714691311527,6.257786018483645,3.1288930092418226,0.0,4.171857345655764,1.042964336413941,28.6,-0.34283275210694575,28.257167247893054
2026,2026-06-13_alameda_wolves_vs_oakland_swish,2026-06-13,"Jun 13, 2026",Alameda Wolves vs Oakland Swish,Alameda Wolves,Oakland Swish,68,65,W,12,Star-Fitz Gerald,False,Bench,15.267,7,4,0,4,0,0,0,0,1,2,3,1,1,1,2,2,2,0.6666666666666666,1.0,0.5,1.0,0.8333333333333334,0.9020618556701031,0.1077,0.6666666666666666,0.6666666666666666,0.3333333333333333,,2.3333333333333335,16.506189821182943,9.432108469247396,0.0,0.0,0.0,0.0,2.358027117311849,11.8,4.736344363152644,16.536344363152644
2026,2026-06-13_alameda_wolves_vs_oakland_swish,2026-06-13,"Jun 13, 2026",Alameda Wolves vs Oakland Swish,Alameda Wolves,Oakland Swish,68,65,W,24,Nevaeh Asiasi,True,Starter,33.6,22,6,0,6,3,1,0,0,3,8,11,6,9,2,2,4,5,0.7272727272727273,0.6666666666666666,1.0,0.8,0.8181818181818182,0.8333333333333334,0.1791,0.45454545454545453,0.18181818181818182,0.8181818181818182,3.0,2.0,23.571428571428573,6.428571428571429,3.2142857142857144,0.0,0.0,1.0714285714285714,3.2142857142857144,32.2,4.049059139784947,36.24905913978495
2026,2026-06-13_alameda_wolves_vs_oakland_swish,2026-06-13,"Jun 13, 2026",Alameda Wolves vs Oakland Swish,Alameda Wolves,Oakland Swish,68,65,W,32,Amber Harris,True,Starter,15.533,11,7,1,6,1,0,0,2,0,5,13,4,7,1,6,0,0,0.38461538461538464,0.5714285714285714,0.16666666666666666,,0.4230769230769231,0.4230769230769231,0.3547,0.0,0.46153846153846156,0.5384615384615384,,0.8461538461538461,25.49410931565055,16.223524109959442,2.3176463014227777,0.0,4.635292602845555,0.0,0.0,26.9,-0.05350496277915617,26.84649503722084
2026,2026-06-13_alameda_wolves_vs_oakland_swish,2026-06-13,"Jun 13, 2026",Alameda Wolves vs Oakland Swish,Oakland Swish,Alameda Wolves,65,68,L,1,Cordasia Harris,False,Bench,20.667,9,8,4,4,0,0,0,2,2,4,6,4,6,0,0,1,2,0.6666666666666666,0.6666666666666666,,0.5,0.6666666666666666,0.6540697674418605,0.1386,0.3333333333333333,0.0,1.0,,1.5,15.677166497314559,13.935259108724052,0.0,0.0,3.483814777181013,0.0,3.483814777181013,24.6,2.5792154706155825,27.179215470615585
2026,2026-06-13_alameda_wolves_vs_oakland_swish,2026-06-13,"Jun 13, 2026",Alameda Wolves vs Oakland Swish,Oakland Swish,Alameda Wolves,65,68,L,2,Andriana Avent,False,Bench,17.85,6,4,0,4,0,0,2,1,1,1,10,0,1,1,9,3,5,0.1,0.0,0.1111111111111111,0.6,0.15,0.24590163934426232,0.2846,0.5,0.9,0.1,,0.6,12.100840336134453,8.067226890756302,0.0,4.033613445378151,2.0168067226890756,0.0,2.0168067226890756,19.8,-1.5024658103603996,18.297534189639602
2026,2026-06-13_alameda_wolves_vs_oakland_swish,2026-06-13,"Jun 13, 2026",Alameda Wolves vs Oakland Swish,Oakland Swish,Alameda Wolves,65,68,L,3,alayna Contreras,True,Starter,24.033,7,6,3,3,3,2,2,0,0,3,11,3,7,0,4,1,2,0.2727272727272727,0.42857142857142855,0.0,0.5,0.2727272727272727,0.2946127946127946,0.2405,0.18181818181818182,0.36363636363636365,0.6363636363636364,1.5,0.6363636363636364,10.485582324304081,8.987641992260642,4.493820996130321,2.9958806640868803,0.0,2.9958806640868803,0.0,21.7,-1.0153542576750767,20.68464574232492
2026,2026-06-13_alameda_wolves_vs_oakland_swish,2026-06-13,"Jun 13, 2026",Alameda Wolves vs Oakland Swish,Oakland Swish,Alameda Wolves,65,68,L,5,Destiney McPhaul,False,Bench,9.667,0,0,0,0,2,2,1,0,0,0,2,0,1,0,1,0,0,0.0,0.0,0.0,,0.0,0.0,0.1723,0.0,0.5,0.5,1.0,0.0,0.0,0.0,7.44801903382642,3.72400951691321,0.0,7.44801903382642,0.0,3.0,-3.9614822038030226,-0.9614822038030226
2026,2026-06-13_alameda_wolves_vs_oakland_swish,2026-06-13,"Jun 13, 2026",Alameda Wolves vs Oakland Swish,Oakland Swish,Alameda Wolves,65,68,L,8,Jada Holland,True,Starter,28.5,8,7,0,7,7,2,0,0,2,4,10,4,7,0,3,0,1,0.4,0.5714285714285714,0.0,0.0,0.4,0.3831417624521073,0.1817,0.1,0.3,0.7,3.5,0.8,10.105263157894736,8.842105263157894,8.842105263157894,0.0,0.0,2.526315789473684,2.526315789473684,23.9,-0.13006457928194992,23.76993542071805
2026,2026-06-13_alameda_wolves_vs_oakland_swish,2026-06-13,"Jun 13, 2026",Alameda Wolves vs Oakland Swish,Oakland Swish,Alameda Wolves,65,68,L,10,Jada Lewis,True,Starter,37.85,10,3,0,3,1,3,1,1,3,3,14,1,2,2,12,2,2,0.21428571428571427,0.5,0.16666666666666666,1.0,0.2857142857142857,0.33602150537634407,0.1967,0.14285714285714285,0.8571428571428571,0.14285714285714285,0.3333333333333333,0.7142857142857143,9.5112285336856,2.85336856010568,0.9511228533685601,0.9511228533685601,0.9511228533685601,2.85336856010568,2.85336856010568,16.6,-0.6012671500395822,15.998732849960419
2026,2026-06-13_alameda_wolves_vs_oakland_swish,2026-06-13,"Jun 13, 2026",Alameda Wolves vs Oakland Swish,Oakland Swish,Alameda Wolves,65,68,L,23,Rhema Ogele,True,Starter,34.167,18,8,4,4,2,2,3,1,1,8,11,8,11,0,0,2,4,0.7272727272727273,0.7272727272727273,,0.5,0.7272727272727273,0.7053291536050157,0.1799,0.36363636363636365,0.0,1.0,1.0,1.6363636363636365,18.965668627623142,8.429186056721399,2.1072965141803497,3.160944771270524,1.0536482570901748,2.1072965141803497,1.0536482570901748,39.6,3.0918093322471343,42.69180933224713
2026,2026-06-13_alameda_wolves_vs_oakland_swish,2026-06-13,"Jun 13, 2026",Alameda Wolves vs Oakland Swish,Oakland Swish,Alameda Wolves,65,68,L,24,Angel Jackson,True,Starter,27.2,7,10,2,8,1,3,0,1,3,3,11,2,9,1,2,0,0,0.2727272727272727,0.2222222222222222,0.5,,0.3181818181818182,0.3181818181818182,0.2143,0.0,0.18181818181818182,0.8181818181818182,0.3333333333333333,0.6363636363636364,9.264705882352942,13.23529411764706,1.3235294117647058,0.0,1.3235294117647058,3.9705882352941178,3.9705882352941178,19.0,-0.7796640219848411,18.220335978015157
2026,2026-06-13_sf_riptide_vs_hayward_reign,2026-06-13,"Jun 13, 2026",SF Riptide vs Hayward Reign,SF Riptide,Hayward Reign,77,74,W,0,Da'Ja Hamilton,False,Bench,13.383,2,0,0,0,0,1,1,0,0,1,4,1,3,0,1,0,0,0.25,0.3333333333333333,0.0,,0.25,0.25,0.1856,0.0,0.25,0.75,0.0,0.5,5.379959650302624,0.0,0.0,2.689979825151312,0.0,2.689979825151312,0.0,3.5,-2.658092175777064,0.8419078242229361
2026,2026-06-13_sf_riptide_vs_hayward_reign,2026-06-13,"Jun 13, 2026",SF Riptide vs Hayward Reign,SF Riptide,Hayward Reign,77,74,W,2,Chloe Sterling,False,Bench,25.417,7,2,1,1,0,3,1,0,1,1,1,0,0,1,1,4,4,1.0,,1.0,1.0,1.5,1.2681159420289856,0.1126,4.0,1.0,0.0,0.0,7.0,9.914624070503992,2.832749734429712,0.0,1.416374867214856,0.0,4.249124601644569,1.416374867214856,7.9,7.523067244512792,15.423067244512794
2026,2026-06-13_sf_riptide_vs_hayward_reign,2026-06-13,"Jun 13, 2026",SF Riptide vs Hayward Reign,SF Riptide,Hayward Reign,77,74,W,3,Abigail Cooper,True,Starter,0.033,6,0,0,0,0,0,0,0,0,2,2,0,0,2,2,0,0,1.0,,1.0,,1.5,1.5,29.8291,0.0,1.0,0.0,,3.0,6545.454545454545,0.0,0.0,0.0,0.0,0.0,0.0,6.0,9.841907824222936,15.841907824222936
2026,2026-06-13_sf_riptide_vs_hayward_reign,2026-06-13,"Jun 13, 2026",SF Riptide vs Hayward Reign,SF Riptide,Hayward Reign,77,74,W,5,Sidney Richards,False,Bench,29.467,16,0,0,0,1,2,3,0,5,6,15,5,8,1,7,3,5,0.4,0.625,0.14285714285714285,0.6,0.43333333333333335,0.46511627906976744,0.3236,0.3333333333333333,0.4666666666666667,0.5333333333333333,0.5,1.0666666666666667,19.547290189025013,0.0,1.2217056368140633,3.6651169104421895,0.0,2.4434112736281266,6.108528184070317,23.5,-0.5069293850793893,22.99307061492061
2026,2026-06-13_sf_riptide_vs_hayward_reign,2026-06-13,"Jun 13, 2026",SF Riptide vs Hayward Reign,SF Riptide,Hayward Reign,77,74,W,7,Jaslyn Woods,False,Bench,11.717,3,2,1,1,1,1,0,0,0,1,1,1,1,0,0,1,1,1.0,1.0,,1.0,1.0,1.0416666666666667,0.1034,1.0,0.0,1.0,1.0,3.0,9.217376461551591,6.144917641034394,3.072458820517197,0.0,0.0,3.072458820517197,0.0,5.4,5.258574490889604,10.658574490889604
2026,2026-06-13_sf_riptide_vs_hayward_reign,2026-06-13,"Jun 13, 2026",SF Riptide vs Hayward Reign,SF Riptide,Hayward Reign,77,74,W,8,Jolene Armendariz,True,Starter,21.85,2,4,1,3,0,2,0,0,1,0,4,0,1,0,3,2,4,0.0,0.0,0.0,0.5,0.0,0.1736111111111111,0.1764,1.0,0.75,0.25,0.0,0.5,3.2951945080091534,6.590389016018307,0.0,0.0,0.0,3.2951945080091534,1.6475972540045767,3.8,-3.4219810646659528,0.37801893533404707
2026,2026-06-13_sf_riptide_vs_hayward_reign,2026-06-13,"Jun 13, 2026",SF Riptide vs Hayward Reign,SF Riptide,Hayward Reign,77,74,W,10,Aniya Mcdonald-Perry,True,Starter,24.15,14,8,6,2,0,2,2,0,3,4,10,4,10,0,0,6,6,0.4,0.4,,1.0,0.4,0.5537974683544303,0.3011,0.6,0.0,1.0,0.0,1.4,20.869565217391305,11.925465838509316,0.0,2.981366459627329,0.0,2.981366459627329,4.472049689440994,26.6,0.37988250776723964,26.97988250776724
2026,2026-06-13_sf_riptide_vs_hayward_reign,2026-06-13,"Jun 13, 2026",SF Riptide vs Hayward Reign,SF Riptide,Hayward Reign,77,74,W,11,Mele Katokakala Finau,False,Bench,27.15,6,8,0,8,1,2,1,0,4,2,6,2,3,0,3,2,2,0.3333333333333333,0.6666666666666666,0.0,1.0,0.3333333333333333,0.436046511627907,0.1624,0.3333333333333333,0.5,0.5,0.5,1.0,7.955801104972377,10.607734806629836,1.3259668508287294,1.3259668508287294,0.0,2.651933701657459,5.303867403314918,17.1,-0.797627059497994,16.302372940502007
2026,2026-06-13_sf_riptide_vs_hayward_reign,2026-06-13,"Jun 13, 2026",SF Riptide vs Hayward Reign,SF Riptide,Hayward Reign,77,74,W,12,Deaja Smith,False,Bench,16.483,4,6,2,4,0,2,0,0,3,2,5,2,5,0,0,0,0,0.4,0.4,,,0.4,0.4,0.2109,0.0,0.0,1.0,0.0,0.8,8.736273736577079,13.104410604865619,0.0,0.0,0.0,4.3681368682885395,6.552205302432809,8.2,-1.1580921757770635,7.041907824222935
2026,2026-06-13_sf_riptide_vs_hayward_reign,2026-06-13,"Jun 13, 2026",SF Riptide vs Hayward Reign,SF Riptide,Hayward Reign,77,74,W,13,Taylor Linzie,True,Starter,34.467,7,10,2,8,2,4,4,0,4,1,7,1,5,0,2,5,5,0.14285714285714285,0.2,0.0,1.0,0.14285714285714285,0.3804347826086957,0.1902,0.7142857142857143,0.2857142857142857,0.7142857142857143,0.5,1.0,7.311341282966316,10.444773261380451,2.0889546522760902,4.1779093045521805,0.0,4.1779093045521805,4.1779093045521805,28.0,-1.353744349690107,26.646255650309893
2026,2026-06-13_sf_riptide_vs_hayward_reign,2026-06-13,"Jun 13, 2026",SF Riptide vs Hayward Reign,SF Riptide,Hayward Reign,77,74,W,24,Alexis Whitfield,False,Bench,12.167,0,3,0,3,2,2,0,0,1,0,0,0,0,0,0,0,2,,,,0.0,,0.0,0.1176,,,,1.0,,0.0,8.87646913783184,5.917646091887894,0.0,0.0,5.917646091887894,2.958823045943947,3.5999999999999996,-5.158092175777064,-1.5580921757770643
2026,2026-06-13_sf_riptide_vs_hayward_reign,2026-06-13,"Jun 13, 2026",SF Riptide vs Hayward Reign,SF Riptide,Hayward Reign,77,74,W,32,Finau Tonga,True,Starter,33.633,10,7,2,5,3,2,0,0,1,4,6,4,6,0,0,2,2,0.6666666666666666,0.6666666666666666,,1.0,0.6666666666666666,0.7267441860465116,0.1311,0.3333333333333333,0.0,1.0,1.5,1.6666666666666667,10.703773080010704,7.492641156007492,3.211131924003211,0.0,0.0,2.1407546160021407,1.0703773080010703,19.9,2.109349684688052,22.00934968468805
2026,2026-06-13_sf_riptide_vs_hayward_reign,2026-06-13,"Jun 13, 2026",SF Riptide vs Hayward Reign,Hayward Reign,SF Riptide,74,77,L,0,Janessa Yniguez,False,Bench,19.35,1,1,0,1,0,4,0,0,2,0,3,0,1,0,2,1,3,0.0,0.0,0.0,0.3333333333333333,0.0,0.11574074074074073,0.2219,1.0,0.6666666666666666,0.3333333333333333,0.0,0.3333333333333333,1.8604651162790697,1.8604651162790697,0.0,0.0,0.0,7.441860465116279,3.7209302325581395,-3.8,-3.5934914112880225,-7.393491411288022
2026,2026-06-13_sf_riptide_vs_hayward_reign,2026-06-13,"Jun 13, 2026",SF Riptide vs Hayward Reign,Hayward Reign,SF Riptide,74,77,L,1,Alaiyah San Juan,True,Starter,29.383,18,2,1,1,1,2,2,0,4,6,11,3,7,3,4,3,3,0.5454545454545454,0.42857142857142855,0.75,1.0,0.6818181818181818,0.7305194805194805,0.2515,0.2727272727272727,0.36363636363636365,0.6363636363636364,0.5,1.6363636363636365,22.053568389885307,2.450396487765034,1.225198243882517,2.450396487765034,0.0,2.450396487765034,4.900792975530068,24.9,2.5542959864993753,27.454295986499375
2026,2026-06-13_sf_riptide_vs_hayward_reign,2026-06-13,"Jun 13, 2026",SF Riptide vs Hayward Reign,Hayward Reign,SF Riptide,74,77,L,2,Brandi Williams,True,Starter,31.0,14,6,2,4,0,0,1,0,1,3,8,1,3,2,5,6,9,0.375,0.3333333333333333,0.4,0.6666666666666666,0.5,0.5852842809364548,0.1991,1.125,0.625,0.375,,1.75,16.258064516129032,6.967741935483871,0.0,1.161290322580645,0.0,0.0,1.161290322580645,24.2,1.1019439906691186,25.301943990669116
2026,2026-06-13_sf_riptide_vs_hayward_reign,2026-06-13,"Jun 13, 2026",SF Riptide vs Hayward Reign,Hayward Reign,SF Riptide,74,77,L,3,Deja Jackson,True,Starter,20.183,5,1,0,1,0,1,0,0,2,2,2,1,1,1,1,0,0,1.0,1.0,1.0,,1.25,1.25,0.0767,0.0,0.5,0.5,0.0,2.5,8.918396670465244,1.7836793340930486,0.0,0.0,0.0,1.7836793340930486,3.567358668186097,4.7,7.749101181304571,12.44910118130457
2026,2026-06-13_sf_riptide_vs_hayward_reign,2026-06-13,"Jun 13, 2026",SF Riptide vs Hayward Reign,Hayward Reign,SF Riptide,74,77,L,5,Diamond Richardson,False,Bench,18.983,3,3,0,3,3,1,2,0,4,1,3,1,3,0,0,1,2,0.3333333333333333,0.3333333333333333,,0.5,0.3333333333333333,0.3865979381443299,0.1326,0.6666666666666666,0.0,1.0,3.0,1.0,5.689300953484697,5.689300953484697,5.689300953484697,3.792867302323131,0.0,1.8964336511615656,7.585734604646262,15.600000000000001,-0.8849194372521302,14.715080562747872
2026,2026-06-13_sf_riptide_vs_hayward_reign,2026-06-13,"Jun 13, 2026",SF Riptide vs Hayward Reign,Hayward Reign,SF Riptide,74,77,L,7,Alexsandra Alvarado,False,Bench,26.333,7,3,0,3,4,5,1,0,3,2,9,1,2,1,7,2,2,0.2222222222222222,0.5,0.14285714285714285,1.0,0.2777777777777778,0.35425101214574894,0.2916,0.2222222222222222,0.7777777777777778,0.2222222222222222,0.8,0.7777777777777778,9.56974138913151,4.101317738199218,5.468423650932291,1.3671059127330727,0.0,6.8355295636653635,4.101317738199218,12.100000000000001,-1.2083886972379398,10.891611302762062
2026,2026-06-13_sf_riptide_vs_hayward_reign,2026-06-13,"Jun 13, 2026",SF Riptide vs Hayward Reign,Hayward Reign,SF Riptide,74,77,L,10,Rosemarie Julien,True,Starter,31.65,13,3,2,1,1,2,2,0,2,4,13,2,4,2,9,3,6,0.3076923076923077,0.5,0.2222222222222222,0.5,0.38461538461538464,0.4156010230179028,0.2876,0.46153846153846156,0.6923076923076923,0.3076923076923077,0.5,1.0,14.786729857819907,3.4123222748815167,1.137440758293839,2.274881516587678,0.0,2.274881516587678,2.274881516587678,21.1,-0.5948885885164013,20.5051114114836
2026,2026-06-13_sf_riptide_vs_hayward_reign,2026-06-13,"Jun 13, 2026",SF Riptide vs Hayward Reign,Hayward Reign,SF Riptide,74,77,L,11,Paloma Ramirez,False,Bench,16.033,3,1,1,0,0,0,0,0,1,1,6,0,4,1,2,0,0,0.16666666666666666,0.0,0.5,,0.25,0.25,0.1931,0.0,0.3333333333333333,0.6666666666666666,,0.5,6.736106779766731,2.24536892658891,0.0,0.0,0.0,0.0,2.24536892658891,4.2,-2.250898818695429,1.949101181304571
2026,2026-06-13_sf_riptide_vs_hayward_reign,2026-06-13,"Jun 13, 2026",SF Riptide vs Hayward Reign,Hayward Reign,SF Riptide,74,77,L,23,Kayla Thomas,False,Bench,31.883,8,5,1,4,1,2,1,0,2,3,4,3,4,0,0,2,2,0.75,0.75,,1.0,0.75,0.819672131147541,0.1113,0.5,0.0,1.0,0.5,2.0,9.033027004986984,5.645641878116866,1.129128375623373,1.129128375623373,0.0,2.258256751246746,2.258256751246746,15.5,3.445822492779981,18.945822492779982
2026,2026-06-13_sf_riptide_vs_hayward_reign,2026-06-13,"Jun 13, 2026",SF Riptide vs Hayward Reign,Hayward Reign,SF Riptide,74,77,L,24,Melesungu Afeaki,True,Starter,25.133,2,2,1,1,2,0,2,0,2,1,7,1,6,0,1,0,0,0.14285714285714285,0.16666666666666666,0.0,,0.14285714285714285,0.14285714285714285,0.1437,0.0,0.14285714285714285,0.8571428571428571,,0.2857142857142857,2.8647594795686944,2.8647594795686944,2.8647594795686944,2.8647594795686944,0.0,0.0,2.8647594795686944,13.4,-3.3223273901240007,10.077672609876
2026,2026-06-13_titans_vs_royals,2026-06-13,"Jun 13, 2026",Titans vs Royals,Titans,Royals,72,85,L,0,Mira Love-Sango,False,Bench,10.383,5,2,2,0,3,1,0,0,1,2,2,2,2,0,0,1,1,1.0,1.0,,1.0,1.0,1.0245901639344261,0.1221,0.5,0.0,1.0,3.0,2.5,17.336030049118754,6.934412019647501,10.401618029471251,0.0,0.0,3.4672060098237507,3.4672060098237507,10.4,6.1808609889377575,16.580860988937758
2026,2026-06-13_titans_vs_royals,2026-06-13,"Jun 13, 2026",Titans vs Royals,Titans,Royals,72,85,L,1,Vivian Woo,False,Bench,28.683,10,11,4,7,3,3,2,0,2,4,9,2,3,2,6,0,1,0.4444444444444444,0.6666666666666666,0.3333333333333333,0.0,0.5555555555555556,0.5296610169491526,0.1599,0.1111111111111111,0.6666666666666666,0.3333333333333333,1.0,1.1111111111111112,12.550988390335739,13.806087229369313,3.7652965171007216,2.510197678067148,0.0,3.7652965171007216,2.510197678067148,29.200000000000003,1.2315695190850218,30.431569519085024
2026,2026-06-13_titans_vs_royals,2026-06-13,"Jun 13, 2026",Titans vs Royals,Titans,Royals,72,85,L,5,Jane Arnoldi,False,Bench,14.45,2,8,3,5,2,0,0,1,0,1,5,1,4,0,1,0,0,0.2,0.25,0.0,,0.2,0.2,0.1276,0.0,0.2,0.8,,0.4,4.982698961937716,19.930795847750865,4.982698961937716,0.0,2.491349480968858,0.0,0.0,17.6,-2.065040650406504,15.534959349593498
2026,2026-06-13_titans_vs_royals,2026-06-13,"Jun 13, 2026",Titans vs Royals,Titans,Royals,72,85,L,8,Lauren Richter,True,Starter,22.733,3,3,0,3,1,0,0,0,2,1,5,0,2,1,3,0,0,0.2,0.0,0.3333333333333333,,0.3,0.3,0.0811,0.0,0.6,0.4,,0.6,4.750802797694981,4.750802797694981,1.5836009325649936,0.0,0.0,0.0,3.167201865129987,8.1,-1.065040650406504,7.034959349593496
2026,2026-06-13_titans_vs_royals,2026-06-13,"Jun 13, 2026",Titans vs Royals,Titans,Royals,72,85,L,10,Chance Bucher,True,Starter,31.467,17,5,0,5,3,3,3,0,4,7,24,6,13,1,11,2,2,0.2916666666666667,0.46153846153846156,0.09090909090909091,1.0,0.3125,0.3416398713826367,0.3267,0.08333333333333333,0.4583333333333333,0.5416666666666666,1.0,0.7083333333333334,19.448946515397083,5.720278386881495,3.432167032128897,3.432167032128897,0.0,3.432167032128897,4.5762227095051955,32.0,-0.6486419365801371,31.351358063419863
2026,2026-06-13_titans_vs_royals,2026-06-13,"Jun 13, 2026",Titans vs Royals,Titans,Royals,72,85,L,11,Krista Andersen,True,Starter,5.267,0,0,0,0,0,0,0,1,0,0,0,0,0,0,0,0,0,,,,,,,0.0,,,,,,0.0,0.0,0.0,0.0,6.835010442377064,0.0,0.0,3.0,0.0,3.0
2026,2026-06-13_titans_vs_royals,2026-06-13,"Jun 13, 2026",Titans vs Royals,Titans,Royals,72,85,L,22,Makaila Napoleon,False,Bench,14.867,6,5,2,3,0,2,0,0,1,3,6,3,4,0,2,0,0,0.5,0.75,0.0,,0.5,0.5,0.1984,0.0,0.3333333333333333,0.6666666666666666,0.0,1.0,14.528822223716956,12.107351853097462,0.0,0.0,0.0,4.842940741238985,2.4214703706194927,9.0,0.934959349593496,9.934959349593496
2026,2026-06-13_titans_vs_royals,2026-06-13,"Jun 13, 2026",Titans vs Royals,Titans,Royals,72,85,L,24,Destiny Jackson,True,Starter,31.817,22,4,1,3,3,5,1,0,2,5,15,2,4,3,11,9,16,0.3333333333333333,0.5,0.2727272727272727,0.5625,0.43333333333333335,0.49909255898366606,0.3133,1.0666666666666667,0.7333333333333333,0.26666666666666666,0.6,1.4666666666666666,24.892353144545368,4.5258823899173395,3.394411792438005,1.1314705974793349,0.0,5.657352987396675,2.2629411949586697,26.799999999999997,0.9258849394301566,27.725884939430152
2026,2026-06-13_titans_vs_royals,2026-06-13,"Jun 13, 2026",Titans vs Royals,Titans,Royals,72,85,L,31,Ashley Hiraki,True,Starter,27.017,5,10,6,4,1,2,1,0,1,1,6,0,1,1,5,2,4,0.16666666666666666,0.0,0.2,0.5,0.25,0.32216494845360827,0.1332,0.6666666666666666,0.8333333333333334,0.16666666666666666,0.5,0.8333333333333334,6.662471777029278,13.324943554058557,1.3324943554058557,1.3324943554058557,0.0,2.6649887108117114,1.3324943554058557,18.5,-0.8433911658704213,17.656608834129578
2026,2026-06-13_titans_vs_royals,2026-06-13,"Jun 13, 2026",Titans vs Royals,Titans,Royals,72,85,L,34,Olga Faasolo,False,Bench,13.433,2,5,3,2,0,0,0,0,2,1,6,1,6,0,0,0,0,0.16666666666666666,0.16666666666666666,,,0.16666666666666666,0.16666666666666666,0.1647,0.0,0.0,1.0,,0.3333333333333333,5.35993448968957,13.399836224223925,0.0,0.0,0.0,0.0,5.35993448968957,8.0,-2.3983739837398375,5.6016260162601625
2026,2026-06-13_titans_vs_royals,2026-06-13,"Jun 13, 2026",Titans vs Royals,Royals,Titans,85,72,W,0,Teionnii McDaniel,False,Bench,20.683,13,1,1,0,4,1,4,0,3,5,7,2,3,3,4,0,1,0.7142857142857143,0.6666666666666666,0.75,0.0,0.9285714285714286,0.8736559139784946,0.1675,0.14285714285714285,0.5714285714285714,0.42857142857142855,4.0,1.8571428571428572,22.62727844123193,1.740559880094764,6.962239520379056,6.962239520379056,0.0,1.740559880094764,5.221679640284291,30.700000000000003,3.878305824741508,34.57830582474151
2026,2026-06-13_titans_vs_royals,2026-06-13,"Jun 13, 2026",Titans vs Royals,Royals,Titans,85,72,W,1,Miyu Mizukawa,True,Starter,36.883,13,1,0,1,5,1,1,0,5,5,9,3,6,2,3,1,2,0.5555555555555556,0.5,0.6666666666666666,0.5,0.6666666666666666,0.6578947368421052,0.1211,0.2222222222222222,0.3333333333333333,0.6666666666666666,5.0,1.4444444444444444,12.688772605265296,0.9760594311742536,4.880297155871268,0.9760594311742536,0.0,0.9760594311742536,4.880297155871268,23.2,1.7206940533776138,24.920694053377613
2026,2026-06-13_titans_vs_royals,2026-06-13,"Jun 13, 2026",Titans vs Royals,Royals,Titans,85,72,W,2,Jhaina Stephens,True,Starter,29.417,18,8,5,3,0,2,4,0,3,6,14,6,14,0,0,6,8,0.42857142857142855,0.42857142857142855,,0.75,0.42857142857142855,0.5136986301369864,0.2724,0.5714285714285714,0.0,1.0,0.0,1.2857142857142858,22.028079001937652,9.790257334194512,0.0,4.895128667097256,0.0,2.447564333548628,3.6713465003229424,36.6,0.2787329863264254,36.878732986326426
2026,2026-06-13_titans_vs_royals,2026-06-13,"Jun 13, 2026",Titans vs Royals,Royals,Titans,85,72,W,3,Ashley Hart,True,Starter,33.533,8,5,0,5,2,3,2,2,1,3,6,1,1,2,5,0,0,0.5,1.0,0.4,,0.6666666666666666,0.6666666666666666,0.1102,0.0,0.8333333333333334,0.16666666666666666,0.6666666666666666,1.3333333333333333,8.588554558196403,5.367846598872752,2.147138639549101,2.147138639549101,2.147138639549101,3.220707959323651,1.0735693197745504,24.5,1.8084133516232281,26.30841335162323
2026,2026-06-13_titans_vs_royals,2026-06-13,"Jun 13, 2026",Titans vs Royals,Royals,Titans,85,72,W,5,Tamiah Robinson,True,Starter,20.983,3,6,0,6,6,1,1,1,2,1,8,0,3,1,5,0,0,0.125,0.0,0.2,,0.1875,0.1875,0.1761,0.0,0.625,0.375,6.0,0.375,5.147023781156174,10.294047562312349,10.294047562312349,1.7156745937187245,1.7156745937187245,1.7156745937187245,3.431349187437449,23.7,-2.983253315043438,20.71674668495656
2026,2026-06-13_titans_vs_royals,2026-06-13,"Jun 13, 2026",Titans vs Royals,Royals,Titans,85,72,W,13,Ashiala Jackson,True,Starter,30.75,15,8,2,6,2,1,1,0,3,6,13,6,12,0,1,3,4,0.46153846153846156,0.5,0.0,0.75,0.46153846153846156,0.508130081300813,0.2104,0.3076923076923077,0.07692307692307693,0.9230769230769231,2.0,1.1538461538461537,17.5609756097561,9.365853658536587,2.3414634146341466,1.1707317073170733,0.0,1.1707317073170733,3.5121951219512195,29.1,0.22304749796469237,29.323047497964694
2026,2026-06-13_titans_vs_royals,2026-06-13,"Jun 13, 2026",Titans vs Royals,Royals,Titans,85,72,W,23,Ayanna Mazyck,False,Bench,27.867,15,11,1,10,3,1,3,0,4,6,23,4,13,2,10,1,2,0.2608695652173913,0.3076923076923077,0.2,0.5,0.30434782608695654,0.314070351758794,0.3666,0.08695652173913043,0.43478260869565216,0.5652173913043478,3.0,0.6521739130434783,19.37775863925073,14.210356335450532,3.8755517278501452,3.8755517278501452,0.0,1.2918505759500483,5.167402303800193,40.2,-1.717549797455498,38.482450202544506
2026,2026-06-13_bay_area_phoenix_vs_bay_city_blaze,2026-06-13,"Jun 13, 2026",Bay Area Phoenix vs Bay City Blaze,Bay Area Phoenix,Bay City Blaze,71,102,L,0,Jessenia Lawson,True,Starter,40.0,27,10,2,8,2,5,7,0,3,10,27,10,21,0,6,7,8,0.37037037037037035,0.47619047619047616,0.0,0.875,0.37037037037037035,0.44233289646133683,0.2988,0.2962962962962963,0.2222222222222222,0.7777777777777778,0.4,1.0,24.3,9.0,1.8,6.3,0.0,4.5,2.6999999999999997,55.5,0.7890128302972343,56.28901283029723
2026,2026-06-13_bay_area_phoenix_vs_bay_city_blaze,2026-06-13,"Jun 13, 2026",Bay Area Phoenix vs Bay City Blaze,Bay Area Phoenix,Bay City Blaze,71,102,L,1,Zhane Duckett,True,Starter,32.217,15,3,1,2,1,2,4,0,5,3,11,2,7,1,4,8,10,0.2727272727272727,0.2857142857142857,0.25,0.8,0.3181818181818182,0.487012987012987,0.1817,0.9090909090909091,0.36363636363636365,0.6363636363636364,0.5,1.3636363636363635,16.76133718223298,3.3522674364465965,1.1174224788155322,4.469689915262129,0.0,2.2348449576310645,5.587112394077661,29.1,1.235813735813736,30.335813735813737
2026,2026-06-13_bay_area_phoenix_vs_bay_city_blaze,2026-06-13,"Jun 13, 2026",Bay Area Phoenix vs Bay City Blaze,Bay Area Phoenix,Bay City Blaze,71,102,L,3,Alisha Wilson,False,Bench,25.3,9,6,3,3,0,1,1,0,1,4,13,4,13,0,0,1,1,0.3076923076923077,0.3076923076923077,,1.0,0.3076923076923077,0.3348214285714286,0.1921,0.07692307692307693,0.0,1.0,0.0,0.6923076923076923,12.806324110671937,8.537549407114625,0.0,1.4229249011857708,0.0,1.4229249011857708,1.4229249011857708,17.7,-0.28610184860184795,17.41389815139815
2026,2026-06-13_bay_area_phoenix_vs_bay_city_blaze,2026-06-13,"Jun 13, 2026",Bay Area Phoenix vs Bay City Blaze,Bay Area Phoenix,Bay City Blaze,71,102,L,5,Jess Wilson,False,Bench,16.867,2,2,1,1,1,1,0,0,0,1,1,1,1,0,0,0,0,1.0,1.0,,,1.0,1.0,0.0399,0.0,0.0,1.0,1.0,2.0,4.2686903420881,4.2686903420881,2.13434517104405,0.0,0.0,2.13434517104405,0.0,4.4,6.365683865683867,10.765683865683867
2026,2026-06-13_bay_area_phoenix_vs_bay_city_blaze,2026-06-13,"Jun 13, 2026",Bay Area Phoenix vs Bay City Blaze,Bay Area Phoenix,Bay City Blaze,71,102,L,11,Delia Moore,True,Starter,29.583,5,2,0,2,1,4,1,0,3,2,14,1,11,1,3,0,0,0.14285714285714285,0.09090909090909091,0.3333333333333333,,0.17857142857142858,0.17857142857142858,0.2047,0.0,0.21428571428571427,0.7857142857142857,0.25,0.35714285714285715,6.08457560085184,2.4338302403407366,1.2169151201703683,1.2169151201703683,0.0,4.867660480681473,3.650745360511104,5.9,-1.8486018486018483,4.051398151398152
2026,2026-06-13_bay_area_phoenix_vs_bay_city_blaze,2026-06-13,"Jun 13, 2026",Bay Area Phoenix vs Bay City Blaze,Bay Area Phoenix,Bay City Blaze,71,102,L,13,Madison Michelis,True,Starter,27.683,5,8,4,4,3,7,2,0,1,2,11,1,5,1,6,0,0,0.18181818181818182,0.2,0.16666666666666666,,0.22727272727272727,0.22727272727272727,0.2188,0.0,0.5454545454545454,0.45454545454545453,0.42857142857142855,0.45454545454545453,6.502185456778529,10.403496730845644,3.901311274067117,2.600874182711411,0.0,9.10305963948994,1.3004370913557055,14.600000000000001,-1.3615888615888614,13.23841113841114
2026,2026-06-13_bay_area_phoenix_vs_bay_city_blaze,2026-06-13,"Jun 13, 2026",Bay Area Phoenix vs Bay City Blaze,Bay Area Phoenix,Bay City Blaze,71,102,L,23,Khalis Cain,True,Starter,29.717,8,11,10,1,2,2,2,0,2,3,11,2,9,1,2,1,3,0.2727272727272727,0.2222222222222222,0.5,0.3333333333333333,0.3181818181818182,0.3246753246753247,0.1622,0.2727272727272727,0.18181818181818182,0.8181818181818182,1.0,0.7272727272727273,9.691422418144496,13.325705824948683,2.422855604536124,2.422855604536124,0.0,2.422855604536124,2.422855604536124,27.2,-0.38756288756288726,26.812437112437113
2026,2026-06-13_bay_area_phoenix_vs_bay_city_blaze,2026-06-13,"Jun 13, 2026",Bay Area Phoenix vs Bay City Blaze,Bay City Blaze,Bay Area Phoenix,102,71,W,1,Ameela Li,True,Starter,27.55,7,2,0,2,2,4,4,0,1,3,7,3,6,0,1,1,2,0.42857142857142855,0.5,0.0,0.5,0.42857142857142855,0.44416243654822335,0.1674,0.2857142857142857,0.14285714285714285,0.8571428571428571,0.5,1.0,9.147005444646098,2.6134301270417426,2.6134301270417426,5.226860254083485,0.0,5.226860254083485,1.3067150635208713,18.4,-1.7088821468187794,16.69111785318122
2026,2026-06-13_bay_area_phoenix_vs_bay_city_blaze,2026-06-13,"Jun 13, 2026",Bay Area Phoenix vs Bay City Blaze,Bay City Blaze,Bay Area Phoenix,102,71,W,3,Isabella Mauricio,True,Starter,25.383,15,2,1,1,3,4,1,0,3,5,9,2,2,3,7,2,2,0.5555555555555556,1.0,0.42857142857142855,1.0,0.7222222222222222,0.7591093117408906,0.2123,0.2222222222222222,0.7777777777777778,0.2222222222222222,0.75,1.6666666666666667,21.274081077886773,2.836544143718237,4.254816215577355,1.4182720718591184,0.0,5.673088287436474,4.254816215577355,18.9,1.440586605107893,20.34058660510789
2026,2026-06-13_bay_area_phoenix_vs_bay_city_blaze,2026-06-13,"Jun 13, 2026",Bay Area Phoenix vs Bay City Blaze,Bay City Blaze,Bay Area Phoenix,102,71,W,5,Chandler Prater,True,Starter,32.283,13,7,2,5,5,1,1,1,2,4,12,2,6,2,6,3,3,0.3333333333333333,0.3333333333333333,0.3333333333333333,1.0,0.4166666666666667,0.487987987987988,0.1722,0.25,0.5,0.5,5.0,1.0833333333333333,14.496793978254809,7.80596598829105,5.575689991636465,1.115137998327293,1.115137998327293,1.115137998327293,2.230275996654586,33.4,-1.2706266324211328,32.129373367578864
2026,2026-06-13_bay_area_phoenix_vs_bay_city_blaze,2026-06-13,"Jun 13, 2026",Bay Area Phoenix vs Bay City Blaze,Bay City Blaze,Bay Area Phoenix,102,71,W,7,Jasia Gamble,False,Bench,15.55,4,4,0,4,1,2,0,0,0,2,3,2,3,0,0,0,0,0.6666666666666666,0.6666666666666666,,,0.6666666666666666,0.6666666666666666,0.1248,0.0,0.0,1.0,0.5,1.3333333333333333,9.260450160771704,9.260450160771704,2.315112540192926,0.0,0.0,4.630225080385852,0.0,7.300000000000001,0.5161601543656535,7.8161601543656545
2026,2026-06-13_bay_area_phoenix_vs_bay_city_blaze,2026-06-13,"Jun 13, 2026",Bay Area Phoenix vs Bay City Blaze,Bay City Blaze,Bay Area Phoenix,102,71,W,8,Koi Love,True,Starter,25.583,17,5,2,3,6,3,3,2,4,7,13,6,9,1,4,2,2,0.5384615384615384,0.6666666666666666,0.25,1.0,0.5769230769230769,0.6123919308357348,0.2561,0.15384615384615385,0.3076923076923077,0.6923076923076923,2.0,1.3076923076923077,23.92213579330024,7.03592229214713,8.443106750576556,4.221553375288278,2.814368916858852,4.221553375288278,5.628737833717704,42.5,-0.026587203943664317,42.47341279605634
2026,2026-06-13_bay_area_phoenix_vs_bay_city_blaze,2026-06-13,"Jun 13, 2026",Bay Area Phoenix vs Bay City Blaze,Bay City Blaze,Bay Area Phoenix,102,71,W,12,Courtney Range,True,Starter,28.9,16,11,0,11,2,3,6,1,2,6,9,4,4,2,5,2,2,0.6666666666666666,1.0,0.4,1.0,0.7777777777777778,0.8097165991902834,0.173,0.2222222222222222,0.5555555555555556,0.4444444444444444,0.6666666666666666,1.7777777777777777,19.930795847750865,13.70242214532872,2.491349480968858,7.474048442906575,1.245674740484429,3.7370242214532876,2.491349480968858,48.7,1.946659479601821,50.64665947960182
2026,2026-06-13_bay_area_phoenix_vs_bay_city_blaze,2026-06-13,"Jun 13, 2026",Bay Area Phoenix vs Bay City Blaze,Bay City Blaze,Bay Area Phoenix,102,71,W,23,Antoinette Howard,False,Bench,26.067,9,7,3,4,3,3,1,0,3,3,10,3,6,0,4,3,4,0.3,0.5,0.0,0.75,0.3,0.3826530612244898,0.2198,0.4,0.4,0.6,1.0,0.9,12.429508574059156,9.667395557601564,4.143169524686385,1.3810565082287949,0.0,4.143169524686385,4.143169524686385,20.4,-2.323975900056115,18.076024099943883
2026,2026-06-13_bay_area_phoenix_vs_bay_city_blaze,2026-06-13,"Jun 13, 2026",Bay Area Phoenix vs Bay City Blaze,Bay City Blaze,Bay Area Phoenix,102,71,W,24,Eboni Walker,False,Bench,20.383,21,5,4,1,0,1,1,1,0,9,12,9,11,0,1,3,3,0.75,0.8181818181818182,0.0,1.0,0.75,0.7882882882882882,0.2727,0.25,0.08333333333333333,0.9166666666666666,0.0,1.75,37.08973163911103,8.830888485502625,0.0,1.766177697100525,1.766177697100525,1.766177697100525,0.0,31.5,1.7323763705818696,33.23237637058187
2026,2026-06-14_hayward_reign_vs_alameda_wolves,2026-06-14,"Jun 14, 2026",Hayward Reign vs Alameda Wolves,Hayward Reign,Alameda Wolves,62,72,L,0,Janessa Yniguez,True,Starter,14.833,10,2,1,1,0,3,0,0,2,4,9,2,2,2,7,0,0,0.4444444444444444,1.0,0.2857142857142857,,0.5555555555555556,0.5555555555555556,0.3355,0.0,0.7777777777777778,0.2222222222222222,0.0,1.1111111111111112,24.270208319288074,4.854041663857615,0.0,0.0,0.0,7.281062495786422,4.854041663857615,7.9,1.4441497200117897,9.34414972001179
2026,2026-06-14_hayward_reign_vs_alameda_wolves,2026-06-14,"Jun 14, 2026",Hayward Reign vs Alameda Wolves,Hayward Reign,Alameda Wolves,62,72,L,1,Alaiyah San Juan,False,Bench,28.717,7,4,0,4,4,2,0,0,4,3,9,2,3,1,6,0,1,0.3333333333333333,0.6666666666666666,0.16666666666666666,0.0,0.3888888888888889,0.3707627118644068,0.1652,0.1111111111111111,0.6666666666666666,0.3333333333333333,2.0,0.7777777777777778,8.775289897969845,5.014451370268483,5.014451370268483,0.0,0.0,2.5072256851342414,5.014451370268483,14.8,-0.40377871689969813,14.396221283100303
2026,2026-06-14_hayward_reign_vs_alameda_wolves,2026-06-14,"Jun 14, 2026",Hayward Reign vs Alameda Wolves,Hayward Reign,Alameda Wolves,62,72,L,2,Brandi Williams,False,Bench,13.133,13,2,0,2,2,1,1,0,2,5,6,2,2,3,4,0,0,0.8333333333333334,1.0,0.75,,1.0833333333333333,1.0833333333333333,0.2211,0.0,0.6666666666666666,0.3333333333333333,2.0,2.1666666666666665,35.635422218838045,5.482372649052007,5.482372649052007,2.7411863245260033,0.0,2.7411863245260033,5.482372649052007,19.9,6.721927497789566,26.621927497789564
2026,2026-06-14_hayward_reign_vs_alameda_wolves,2026-06-14,"Jun 14, 2026",Hayward Reign vs Alameda Wolves,Hayward Reign,Alameda Wolves,62,72,L,3,Deja Jackson,False,Bench,19.367,0,1,0,1,0,2,0,0,1,0,6,0,1,0,5,0,0,0.0,0.0,0.0,,0.0,0.0,0.1713,0.0,0.8333333333333334,0.16666666666666666,0.0,0.0,0.0,1.8588320338720503,0.0,0.0,0.0,3.7176640677441006,1.8588320338720503,-1.8,-4.111405835543766,-5.911405835543766
2026,2026-06-14_hayward_reign_vs_alameda_wolves,2026-06-14,"Jun 14, 2026",Hayward Reign vs Alameda Wolves,Hayward Reign,Alameda Wolves,62,72,L,5,Diamond Richardson,True,Starter,19.833,3,9,5,4,2,2,1,0,1,1,6,0,3,1,3,0,0,0.16666666666666666,0.0,0.3333333333333333,,0.25,0.25,0.1673,0.0,0.5,0.5,1.0,0.5,5.44546967175919,16.336409015277567,3.6303131145061265,1.8151565572530632,0.0,3.6303131145061265,1.8151565572530632,16.799999999999997,-1.6114058355437662,15.18859416445623
2026,2026-06-14_hayward_reign_vs_alameda_wolves,2026-06-14,"Jun 14, 2026",Hayward Reign vs Alameda Wolves,Hayward Reign,Alameda Wolves,62,72,L,7,Alexsandra Alvarado,True,Starter,23.833,6,6,0,6,1,4,1,1,2,2,10,1,2,1,8,1,2,0.2,0.5,0.125,0.5,0.25,0.275735294117647,0.259,0.2,0.8,0.2,0.25,0.6,9.063063819074394,9.063063819074394,1.5105106365123988,1.5105106365123988,1.5105106365123988,6.042042546049595,3.0210212730247976,14.7,-1.3540528943672958,13.345947105632703
2026,2026-06-14_hayward_reign_vs_alameda_wolves,2026-06-14,"Jun 14, 2026",Hayward Reign vs Alameda Wolves,Hayward Reign,Alameda Wolves,62,72,L,10,Rosemarie Julien,False,Bench,24.283,10,3,0,3,1,4,1,1,1,3,6,2,3,1,3,3,4,0.5,0.6666666666666666,0.3333333333333333,0.75,0.5833333333333334,0.6443298969072165,0.2009,0.6666666666666666,0.5,0.5,0.25,1.6666666666666667,14.825186344356133,4.44755590330684,1.4825186344356132,1.4825186344356132,1.4825186344356132,5.930074537742453,1.4825186344356132,15.100000000000001,2.3318931335283994,17.4318931335284
2026,2026-06-14_hayward_reign_vs_alameda_wolves,2026-06-14,"Jun 14, 2026",Hayward Reign vs Alameda Wolves,Hayward Reign,Alameda Wolves,62,72,L,11,Paloma Ramirez,True,Starter,11.267,0,4,2,2,1,2,0,0,1,0,2,0,1,0,1,0,0,0.0,0.0,0.0,,0.0,0.0,0.1473,0.0,0.5,0.5,0.5,0.0,0.0,12.780686961924205,3.1951717404810513,0.0,0.0,6.390343480962103,3.1951717404810513,3.3,-4.111405835543766,-0.8114058355437663
2026,2026-06-14_hayward_reign_vs_alameda_wolves,2026-06-14,"Jun 14, 2026",Hayward Reign vs Alameda Wolves,Hayward Reign,Alameda Wolves,62,72,L,23,Kayla Thomas,False,Bench,19.733,7,7,3,4,0,0,1,0,0,3,8,3,6,0,2,1,2,0.375,0.5,0.0,0.5,0.375,0.3941441441441441,0.1866,0.25,0.25,0.75,,0.875,12.770485987938986,12.770485987938986,0.0,1.8243551411341405,0.0,0.0,0.0,18.4,-0.1699643941023249,18.230035605897672
2026,2026-06-14_hayward_reign_vs_alameda_wolves,2026-06-14,"Jun 14, 2026",Hayward Reign vs Alameda Wolves,Hayward Reign,Alameda Wolves,62,72,L,24,Melesungu Afeaki,True,Starter,24.917,6,4,1,3,3,0,0,1,1,3,9,3,9,0,0,0,1,0.3333333333333333,0.3333333333333333,,0.0,0.3333333333333333,0.31779661016949157,0.1571,0.1111111111111111,0.0,1.0,,0.6666666666666666,8.668780350764537,5.779186900509692,4.334390175382269,0.0,1.444796725127423,0.0,1.444796725127423,18.3,-0.9334397338488504,17.36656026615115
2026,2026-06-14_hayward_reign_vs_alameda_wolves,2026-06-14,"Jun 14, 2026",Hayward Reign vs Alameda Wolves,Alameda Wolves,Hayward Reign,72,62,W,0,Aaniya Webb,True,Starter,26.983,7,4,1,3,0,4,3,0,2,2,6,1,4,1,2,2,2,0.3333333333333333,0.25,0.5,1.0,0.4166666666666667,0.5087209302325582,0.1796,0.3333333333333333,0.3333333333333333,0.6666666666666666,0.0,1.1666666666666667,9.33921357892006,5.336693473668607,0.0,4.002520105251454,0.0,5.336693473668607,2.6683467368343035,14.8,0.5186813835438553,15.318681383543856
2026,2026-06-14_hayward_reign_vs_alameda_wolves,2026-06-14,"Jun 14, 2026",Hayward Reign vs Alameda Wolves,Alameda Wolves,Hayward Reign,72,62,W,2,Jasmyne Huggins,False,Bench,15.75,0,2,2,0,0,1,1,0,1,0,2,0,2,0,0,0,0,0.0,0.0,,,0.0,0.0,0.0848,0.0,0.0,1.0,0.0,0.0,0.0,4.571428571428571,0.0,2.2857142857142856,0.0,2.2857142857142856,2.2857142857142856,3.9000000000000004,-4.568527918781726,-0.6685279187817255
2026,2026-06-14_hayward_reign_vs_alameda_wolves,2026-06-14,"Jun 14, 2026",Hayward Reign vs Alameda Wolves,Alameda Wolves,Hayward Reign,72,62,W,3,Micah Gray,True,Starter,32.15,13,9,0,9,8,1,2,0,1,4,14,2,9,2,5,3,3,0.2857142857142857,0.2222222222222222,0.4,1.0,0.35714285714285715,0.42428198433420367,0.2261,0.21428571428571427,0.35714285714285715,0.6428571428571429,8.0,0.9285714285714286,14.556765163297047,10.077760497667185,8.95800933125972,2.23950233281493,0.0,1.119751166407465,1.119751166407465,40.3,-0.3257080754396896,39.974291924560305
2026,2026-06-14_hayward_reign_vs_alameda_wolves,2026-06-14,"Jun 14, 2026",Hayward Reign vs Alameda Wolves,Alameda Wolves,Hayward Reign,72,62,W,5,Leilani Gonzales,False,Bench,16.517,1,0,0,0,0,0,1,1,2,0,3,0,3,0,0,1,1,0.0,0.0,,1.0,0.0,0.14534883720930233,0.0927,0.3333333333333333,0.0,1.0,,0.3333333333333333,2.1795725616031967,0.0,0.0,2.1795725616031967,2.1795725616031967,0.0,4.359145123206393,7.0,-3.1150395466887026,3.8849604533112974
2026,2026-06-14_hayward_reign_vs_alameda_wolves,2026-06-14,"Jun 14, 2026",Hayward Reign vs Alameda Wolves,Alameda Wolves,Hayward Reign,72,62,W,7,Bianca McGee,True,Starter,36.733,12,2,0,2,0,1,2,1,2,5,17,3,6,2,11,0,0,0.29411764705882354,0.5,0.18181818181818182,,0.35294117647058826,0.35294117647058826,0.2182,0.0,0.6470588235294118,0.35294117647058826,0.0,0.7058823529411765,11.760542291672339,1.9600903819453899,0.0,1.9600903819453899,0.9800451909726949,0.9800451909726949,1.9600903819453899,21.9,-1.0391161540758436,20.860883845924157
2026,2026-06-14_hayward_reign_vs_alameda_wolves,2026-06-14,"Jun 14, 2026",Hayward Reign vs Alameda Wolves,Alameda Wolves,Hayward Reign,72,62,W,12,Star-Fitz Gerald,False,Bench,12.083,8,2,0,2,0,0,2,0,0,2,5,0,1,2,4,2,2,0.4,0.0,0.5,1.0,0.6,0.6802721088435374,0.2167,0.4,0.8,0.2,,1.6,23.835140279731856,5.958785069932964,0.0,5.958785069932964,0.0,0.0,0.0,16.4,2.234193169653648,18.634193169653646
2026,2026-06-14_hayward_reign_vs_alameda_wolves,2026-06-14,"Jun 14, 2026",Hayward Reign vs Alameda Wolves,Alameda Wolves,Hayward Reign,72,62,W,24,Nevaeh Asiasi,True,Starter,35.5,19,7,4,3,2,1,2,0,2,7,15,7,14,0,1,5,8,0.4666666666666667,0.5,0.0,0.625,0.4666666666666667,0.5129589632829373,0.2449,0.5333333333333333,0.06666666666666667,0.9333333333333333,2.0,1.2666666666666666,19.267605633802816,7.098591549295774,2.028169014084507,2.028169014084507,0.0,1.0140845070422535,2.028169014084507,34.9,0.561061714047647,35.461061714047645
2026,2026-06-14_hayward_reign_vs_alameda_wolves,2026-06-14,"Jun 14, 2026",Hayward Reign vs Alameda Wolves,Alameda Wolves,Hayward Reign,72,62,W,32,Amber Harris,True,Starter,24.233,12,8,1,7,1,1,0,0,1,4,8,3,5,1,3,3,4,0.5,0.6,0.3333333333333333,0.75,0.5625,0.6147540983606558,0.1977,0.5,0.375,0.625,1.0,1.5,17.826930219122683,11.88462014608179,1.4855775182602238,0.0,0.0,1.4855775182602238,1.4855775182602238,21.6,1.5790130648248313,23.179013064824833
2026,2026-06-14_royals_vs_oakland_swish,2026-06-14,"Jun 14, 2026",Royals vs Oakland Swish,Royals,Oakland Swish,89,93,L,0,Teionnii McDaniel,False,Bench,28.083,16,4,1,3,2,2,0,0,3,5,12,1,4,4,8,2,2,0.4166666666666667,0.25,0.5,1.0,0.5833333333333334,0.6211180124223602,0.1877,0.16666666666666666,0.6666666666666666,0.3333333333333333,1.0,1.3333333333333333,20.510629206281383,5.127657301570346,2.563828650785173,0.0,0.0,2.563828650785173,3.845742976177759,20.8,1.2623367078534953,22.062336707853497
2026,2026-06-14_royals_vs_oakland_swish,2026-06-14,"Jun 14, 2026",Royals vs Oakland Swish,Royals,Oakland Swish,89,93,L,1,Miyu Mizukawa,True,Starter,40.0,12,3,2,1,8,4,3,0,4,4,10,1,5,3,5,1,2,0.4,0.2,0.6,0.5,0.55,0.551470588235294,0.1318,0.2,0.5,0.5,2.0,1.2,10.799999999999999,2.6999999999999997,7.2,2.6999999999999997,0.0,3.6,3.6,30.6,0.5658624659828337,31.165862465982833
2026,2026-06-14_royals_vs_oakland_swish,2026-06-14,"Jun 14, 2026",Royals vs Oakland Swish,Royals,Oakland Swish,89,93,L,2,Jhaina Stephens,True,Starter,35.35,16,8,2,6,2,2,3,0,4,7,15,7,15,0,0,2,7,0.4666666666666667,0.4666666666666667,,0.2857142857142857,0.4666666666666667,0.4424778761061947,0.2012,0.4666666666666667,0.0,1.0,1.0,1.0666666666666667,16.294200848656292,8.147100424328146,2.0367751060820365,3.0551626591230554,0.0,2.0367751060820365,4.073550212164073,34.6,-0.5240646553081596,34.07593534469184
2026,2026-06-14_royals_vs_oakland_swish,2026-06-14,"Jun 14, 2026",Royals vs Oakland Swish,Royals,Oakland Swish,89,93,L,3,Ashley Hart,True,Starter,31.25,6,5,1,4,7,2,1,1,3,3,8,3,4,0,4,0,0,0.375,0.75,0.0,,0.375,0.375,0.1133,0.0,0.5,0.5,3.5,0.75,6.912,5.76,8.064,1.1520000000000001,1.1520000000000001,2.3040000000000003,3.456,25.5,-1.1988434163701067,24.301156583629894
2026,2026-06-14_royals_vs_oakland_swish,2026-06-14,"Jun 14, 2026",Royals vs Oakland Swish,Royals,Oakland Swish,89,93,L,13,Ashiala Jackson,True,Starter,35.883,21,15,2,13,1,5,3,0,5,8,15,8,13,0,2,5,7,0.5333333333333333,0.6153846153846154,0.0,0.7142857142857143,0.5333333333333333,0.5807522123893806,0.2278,0.4666666666666667,0.13333333333333333,0.8666666666666667,0.2,1.4,21.068472535741154,15.048908954100826,1.003260596940055,3.009781790820165,0.0,5.016302984700275,5.016302984700275,42.0,0.858678707523699,42.8586787075237
2026,2026-06-14_royals_vs_oakland_swish,2026-06-14,"Jun 14, 2026",Royals vs Oakland Swish,Royals,Oakland Swish,89,93,L,23,Ayanna Mazyck,True,Starter,29.4,18,7,1,6,2,6,3,0,3,7,22,3,10,4,12,0,0,0.3181818181818182,0.3,0.3333333333333333,,0.4090909090909091,0.4090909090909091,0.3373,0.0,0.5454545454545454,0.45454545454545453,0.3333333333333333,0.8181818181818182,22.040816326530614,8.571428571428571,2.4489795918367347,3.673469387755102,0.0,7.346938775510204,3.673469387755102,29.4,-0.8579343254610156,28.542065674538982
2026,2026-06-14_royals_vs_oakland_swish,2026-06-14,"Jun 14, 2026",Royals vs Oakland Swish,Oakland Swish,Royals,93,89,W,1,Cordasia Harris,False,Bench,18.217,6,10,6,4,1,3,1,2,2,2,7,2,7,0,0,2,2,0.2857142857142857,0.2857142857142857,,1.0,0.2857142857142857,0.3807106598984772,0.2091,0.2857142857142857,0.0,1.0,0.3333333333333333,0.8571428571428571,11.857056595487732,19.76176099247955,1.9761760992479553,1.9761760992479553,3.9523521984959107,5.928528297743866,3.9523521984959107,24.0,-1.2915776115415434,22.708422388458455
2026,2026-06-14_royals_vs_oakland_swish,2026-06-14,"Jun 14, 2026",Royals vs Oakland Swish,Oakland Swish,Royals,93,89,W,2,Andriana Avent,False,Bench,24.05,20,5,2,3,0,1,3,1,3,5,13,2,3,3,10,7,9,0.38461538461538464,0.6666666666666666,0.3,0.7777777777777778,0.5,0.5896226415094339,0.2615,0.6923076923076923,0.7692307692307693,0.23076923076923078,0.0,1.5384615384615385,29.937629937629936,7.484407484407484,0.0,4.49064449064449,1.4968814968814967,1.4968814968814967,4.49064449064449,36.5,0.7975422045680236,37.297542204568025
2026,2026-06-14_royals_vs_oakland_swish,2026-06-14,"Jun 14, 2026",Royals vs Oakland Swish,Oakland Swish,Royals,93,89,W,3,alayna Contreras,True,Starter,30.967,17,5,1,4,1,2,0,0,0,5,14,2,6,3,8,4,4,0.35714285714285715,0.3333333333333333,0.375,1.0,0.4642857142857143,0.5393401015228426,0.2008,0.2857142857142857,0.5714285714285714,0.42857142857142855,0.5,1.2142857142857142,19.762973487906482,5.812639261148965,1.162527852229793,0.0,0.0,2.325055704459586,0.0,21.5,0.2947168047021109,21.794716804702112
2026,2026-06-14_royals_vs_oakland_swish,2026-06-14,"Jun 14, 2026",Royals vs Oakland Swish,Oakland Swish,Royals,93,89,W,5,Destiney McPhaul,False,Bench,22.483,4,6,0,6,5,2,2,0,3,0,2,0,0,0,2,4,4,0.0,,0.0,1.0,0.0,0.5319148936170213,0.0897,2.0,1.0,0.0,2.5,2.0,6.4048392118489526,9.60725881777343,8.006049014811191,3.2024196059244763,0.0,3.2024196059244763,4.803629408886715,21.7,0.2204647256438974,21.920464725643896
2026,2026-06-14_royals_vs_oakland_swish,2026-06-14,"Jun 14, 2026",Royals vs Oakland Swish,Oakland Swish,Royals,93,89,W,8,Jada Holland,True,Starter,24.833,8,2,1,1,2,4,3,0,1,3,5,3,4,0,1,2,2,0.6,0.75,0.0,1.0,0.6,0.6802721088435374,0.1393,0.4,0.2,0.8,0.5,1.6,11.597471106994726,2.8993677767486816,2.8993677767486816,4.349051665123023,0.0,5.798735553497363,1.4496838883743408,16.4,1.7040368779090587,18.104036877909056
2026,2026-06-14_royals_vs_oakland_swish,2026-06-14,"Jun 14, 2026",Royals vs Oakland Swish,Oakland Swish,Royals,93,89,W,10,Jada Lewis,True,Starter,34.017,14,5,2,3,8,2,3,1,0,5,12,3,5,2,7,2,3,0.4166666666666667,0.6,0.2857142857142857,0.6666666666666666,0.5,0.5255255255255256,0.1577,0.25,0.5833333333333334,0.4166666666666667,4.0,1.1666666666666667,14.81612135108916,5.2914719111032715,8.466355057765234,3.174883146661963,1.0582943822206543,2.1165887644413086,0.0,41.0,0.15657104472894035,41.15657104472894
2026,2026-06-14_royals_vs_oakland_swish,2026-06-14,"Jun 14, 2026",Royals vs Oakland Swish,Oakland Swish,Royals,93,89,W,23,Rhema Ogele,True,Starter,21.583,8,4,0,4,1,4,1,0,2,4,11,4,9,0,2,0,2,0.36363636363636365,0.4444444444444444,0.0,0.0,0.36363636363636365,0.33670033670033667,0.2576,0.18181818181818182,0.18181818181818182,0.8181818181818182,0.25,0.7272727272727273,13.343835426029747,6.6719177130148735,1.6679794282537184,1.6679794282537184,0.0,6.6719177130148735,3.3359588565074367,11.3,-1.7316808435229487,9.568319156477052
2026,2026-06-14_royals_vs_oakland_swish,2026-06-14,"Jun 14, 2026",Royals vs Oakland Swish,Oakland Swish,Royals,93,89,W,24,Angel Jackson,True,Starter,23.8,16,5,2,3,2,4,2,2,4,7,14,7,14,0,0,2,4,0.5,0.5,,0.5,0.5,0.5076142131979695,0.2907,0.2857142857142857,0.0,1.0,0.5,1.1428571428571428,24.201680672268907,7.563025210084033,3.0252100840336134,3.0252100840336134,3.0252100840336134,6.050420168067227,6.050420168067227,31.0,-0.02254207854662016,30.97745792145338
2026,2026-06-14_bay_city_blaze_vs_sf_riptide,2026-06-14,"Jun 14, 2026",Bay City Blaze vs SF Riptide,Bay City Blaze,SF Riptide,98,65,W,1,Ameela Li,True,Starter,23.217,11,2,0,2,5,3,2,0,2,4,8,3,6,1,2,2,2,0.5,0.5,0.5,1.0,0.5625,0.6193693693693693,0.1901,0.25,0.25,0.75,1.6666666666666667,1.375,17.056467243829953,3.101175862514537,7.752939656286342,3.101175862514537,0.0,4.6517637937718055,3.101175862514537,22.4,0.5354950793749857,22.935495079374984
2026,2026-06-14_bay_city_blaze_vs_sf_riptide,2026-06-14,"Jun 14, 2026",Bay City Blaze vs SF Riptide,Bay City Blaze,SF Riptide,98,65,W,3,Isabella Mauricio,True,Starter,29.217,10,3,0,3,3,1,0,0,3,4,8,2,2,2,6,0,0,0.5,1.0,0.3333333333333333,,0.625,0.625,0.1145,0.0,0.75,0.25,3.0,1.25,12.321593592771332,3.6964780778313995,3.6964780778313995,0.0,0.0,1.2321593592771334,3.6964780778313995,16.6,0.5918013856812931,17.191801385681295
2026,2026-06-14_bay_city_blaze_vs_sf_riptide,2026-06-14,"Jun 14, 2026",Bay City Blaze vs SF Riptide,Bay City Blaze,SF Riptide,98,65,W,5,Chandler Prater,True,Starter,25.883,21,9,7,2,0,5,0,0,2,6,10,4,6,2,4,7,7,0.6,0.6666666666666666,0.5,1.0,0.7,0.8027522935779816,0.2596,0.7,0.4,0.6,0.0,2.1,29.20836070007341,12.517868871460031,0.0,0.0,0.0,6.954371595255574,2.781748638102229,24.299999999999997,2.369324321461109,26.669324321461104
2026,2026-06-14_bay_city_blaze_vs_sf_riptide,2026-06-14,"Jun 14, 2026",Bay City Blaze vs SF Riptide,Bay City Blaze,SF Riptide,98,65,W,7,Jasia Gamble,False,Bench,18.617,2,5,1,4,1,1,1,1,0,1,3,1,1,0,2,0,0,0.3333333333333333,1.0,0.0,,0.3333333333333333,0.3333333333333333,0.0798,0.0,0.6666666666666666,0.3333333333333333,1.0,0.6666666666666666,3.86743299135199,9.668582478379975,1.933716495675995,1.933716495675995,1.933716495675995,1.933716495675995,0.0,14.0,-2.3248652809853736,11.675134719014626
2026,2026-06-14_bay_city_blaze_vs_sf_riptide,2026-06-14,"Jun 14, 2026",Bay City Blaze vs SF Riptide,Bay City Blaze,SF Riptide,98,65,W,8,Koi Love,True,Starter,31.117,27,10,3,7,6,7,2,2,2,12,19,9,13,3,6,0,3,0.631578947368421,0.6923076923076923,0.5,0.0,0.7105263157894737,0.6643700787401575,0.3263,0.15789473684210525,0.3157894736842105,0.6842105263157895,0.8571428571428571,1.4210526315789473,31.23694443551756,11.569238679821318,6.941543207892791,2.3138477359642637,2.3138477359642637,8.098467075874924,2.3138477359642637,49.5,0.9855021730828684,50.48550217308287
2026,2026-06-14_bay_city_blaze_vs_sf_riptide,2026-06-14,"Jun 14, 2026",Bay City Blaze vs SF Riptide,Bay City Blaze,SF Riptide,98,65,W,12,Courtney Range,False,Bench,23.5,13,10,4,6,2,0,0,0,1,4,12,2,5,2,7,3,3,0.3333333333333333,0.4,0.2857142857142857,1.0,0.4166666666666667,0.487987987987988,0.2106,0.25,0.5833333333333334,0.4166666666666667,,1.0833333333333333,19.914893617021278,15.319148936170214,3.0638297872340425,0.0,0.0,0.0,1.5319148936170213,28.0,-0.778318734438827,27.221681265561173
2026,2026-06-14_bay_city_blaze_vs_sf_riptide,2026-06-14,"Jun 14, 2026",Bay City Blaze vs SF Riptide,Bay City Blaze,SF Riptide,98,65,W,23,Antoinette Howard,False,Bench,20.333,7,3,1,2,2,1,3,1,0,3,9,2,5,1,4,0,0,0.3333333333333333,0.4,0.25,,0.3888888888888889,0.3888888888888889,0.1828,0.0,0.4444444444444444,0.5555555555555556,2.0,0.7777777777777778,12.393645797472091,5.311562484630896,3.5410416564205973,5.311562484630896,1.7705208282102987,1.7705208282102987,0.0,24.1,-1.7693097254298178,22.330690274570184
2026,2026-06-14_bay_city_blaze_vs_sf_riptide,2026-06-14,"Jun 14, 2026",Bay City Blaze vs SF Riptide,Bay City Blaze,SF Riptide,98,65,W,24,Eboni Walker,True,Starter,28.033,7,5,1,4,1,3,3,1,2,3,11,2,9,1,2,0,0,0.2727272727272727,0.2222222222222222,0.5,,0.3181818181818182,0.3181818181818182,0.1856,0.0,0.18181818181818182,0.8181818181818182,0.3333333333333333,0.6363636363636364,8.989405343702066,6.421003816930046,1.2842007633860093,3.852602290158028,1.2842007633860093,3.852602290158028,2.5684015267720186,22.0,-2.476380432500525,19.523619567499473
2026,2026-06-14_bay_city_blaze_vs_sf_riptide,2026-06-14,"Jun 14, 2026",Bay City Blaze vs SF Riptide,SF Riptide,Bay City Blaze,65,98,L,0,Da'Ja Hamilton,False,Bench,23.9,7,0,0,0,2,4,1,0,1,3,14,2,6,1,8,0,0,0.21428571428571427,0.3333333333333333,0.125,,0.25,0.25,0.3157,0.0,0.5714285714285714,0.42857142857142855,0.5,0.5,10.543933054393307,0.0,3.0125523012552304,1.5062761506276152,0.0,6.025104602510461,1.5062761506276152,7.0,-1.8103448275862066,5.189655172413794
2026,2026-06-14_bay_city_blaze_vs_sf_riptide,2026-06-14,"Jun 14, 2026",Bay City Blaze vs SF Riptide,SF Riptide,Bay City Blaze,65,98,L,2,Chloe Sterling,True,Starter,22.683,8,4,1,3,1,4,2,0,1,3,10,3,7,0,3,2,2,0.3,0.42857142857142855,0.0,1.0,0.3,0.3676470588235294,0.275,0.2,0.3,0.7,0.25,0.8,12.6967332363444,6.3483666181722,1.58709165454305,3.1741833090861,0.0,6.3483666181722,1.58709165454305,14.3,-0.6338742393509128,13.666125760649088
2026,2026-06-14_bay_city_blaze_vs_sf_riptide,2026-06-14,"Jun 14, 2026",Bay City Blaze vs SF Riptide,SF Riptide,Bay City Blaze,65,98,L,5,Sidney Richards,True,Starter,21.383,9,2,0,2,2,1,1,0,3,3,11,2,9,1,2,2,4,0.2727272727272727,0.2222222222222222,0.5,0.5,0.3181818181818182,0.35266457680250785,0.2697,0.36363636363636365,0.18181818181818182,0.8181818181818182,2.0,0.8181818181818182,15.152223729130618,3.367160828695693,3.367160828695693,1.6835804143478466,0.0,1.6835804143478466,5.050741243043539,15.899999999999999,-0.7836990595611282,15.11630094043887
2026,2026-06-14_bay_city_blaze_vs_sf_riptide,2026-06-14,"Jun 14, 2026",Bay City Blaze vs SF Riptide,SF Riptide,Bay City Blaze,65,98,L,7,Jaslyn Woods,False,Bench,8.183,0,1,0,1,0,0,1,0,2,0,0,0,0,0,0,0,0,,,,,,,0.0,,,,,,0.0,4.399364536233655,0.0,4.399364536233655,0.0,0.0,8.79872907246731,4.2,0.0,4.2
2026,2026-06-14_bay_city_blaze_vs_sf_riptide,2026-06-14,"Jun 14, 2026",Bay City Blaze vs SF Riptide,SF Riptide,Bay City Blaze,65,98,L,8,Jolene Armendariz,False,Bench,22.033,9,4,0,4,3,0,2,0,1,3,10,0,1,3,9,0,0,0.3,0.0,0.3333333333333333,,0.45,0.45,0.1902,0.0,0.9,0.1,,0.9,14.705214904915353,6.535651068851268,4.901738301638452,3.267825534425634,0.0,0.0,1.633912767212817,24.3,0.18965517241379348,24.489655172413794
2026,2026-06-14_bay_city_blaze_vs_sf_riptide,2026-06-14,"Jun 14, 2026",Bay City Blaze vs SF Riptide,SF Riptide,Bay City Blaze,65,98,L,10,Aniya Mcdonald-Perry,True,Starter,22.5,5,2,1,1,1,0,2,0,1,2,3,1,1,1,2,0,0,0.6666666666666666,1.0,0.5,,0.8333333333333334,0.8333333333333334,0.0559,0.0,0.6666666666666666,0.3333333333333333,,1.6666666666666667,8.0,3.2,1.6,3.2,0.0,0.0,1.6,14.9,4.0229885057471275,18.922988505747128
2026,2026-06-14_bay_city_blaze_vs_sf_riptide,2026-06-14,"Jun 14, 2026",Bay City Blaze vs SF Riptide,SF Riptide,Bay City Blaze,65,98,L,12,Deaja Smith,False,Bench,17.1,2,4,3,1,1,2,0,1,1,1,4,1,4,0,0,0,0,0.25,0.25,,,0.25,0.25,0.1471,0.0,0.0,1.0,0.5,0.5,4.2105263157894735,8.421052631578947,2.1052631578947367,0.0,2.1052631578947367,4.2105263157894735,2.1052631578947367,8.3,-1.8103448275862066,6.489655172413794
2026,2026-06-14_bay_city_blaze_vs_sf_riptide,2026-06-14,"Jun 14, 2026",Bay City Blaze vs SF Riptide,SF Riptide,Bay City Blaze,65,98,L,13,Taylor Linzie,True,Starter,23.133,5,6,1,5,1,4,3,0,5,2,5,2,3,0,2,1,2,0.4,0.6666666666666666,0.0,0.5,0.4,0.4251700680272109,0.179,0.4,0.4,0.6,0.25,1.0,7.781091946569836,9.337310335883803,1.5562183893139672,4.6686551679419015,0.0,6.224873557255869,7.781091946569836,16.7,-0.058644147314097506,16.6413558526859
2026,2026-06-14_bay_city_blaze_vs_sf_riptide,2026-06-14,"Jun 14, 2026",Bay City Blaze vs SF Riptide,SF Riptide,Bay City Blaze,65,98,L,24,Alexis Whitfield,False,Bench,20.367,14,3,2,1,1,2,2,0,1,5,8,3,5,2,3,2,2,0.625,0.6,0.6666666666666666,1.0,0.75,0.7882882882882882,0.2239,0.25,0.375,0.625,0.5,1.75,24.74591250552364,5.302695536897923,1.7675651789659743,3.5351303579319486,0.0,3.5351303579319486,1.7675651789659743,22.1,3.5725380552966755,25.672538055296677
2026,2026-06-14_bay_city_blaze_vs_sf_riptide,2026-06-14,"Jun 14, 2026",Bay City Blaze vs SF Riptide,SF Riptide,Bay City Blaze,65,98,L,32,Finau Tonga,True,Starter,18.65,6,3,1,2,1,1,0,0,1,3,6,3,6,0,0,0,0,0.5,0.5,,,0.5,0.5,0.1573,0.0,0.0,1.0,1.0,1.0,11.581769436997321,5.790884718498661,1.9302949061662198,0.0,0.0,1.9302949061662198,1.9302949061662198,9.6,0.6896551724137934,10.289655172413793
2026,2026-06-14_bay_area_phoenix_vs_titans,2026-06-14,"Jun 14, 2026",Bay Area Phoenix vs Titans,Bay Area Phoenix,Titans,86,62,W,0,Jessenia Lawson,True,Starter,32.483,25,3,2,1,3,3,2,0,3,10,24,9,19,1,5,4,5,0.4166666666666667,0.47368421052631576,0.2,0.8,0.4375,0.4770992366412214,0.3119,0.20833333333333334,0.20833333333333334,0.7916666666666666,1.0,1.0416666666666667,27.70680048025121,3.3248160576301453,3.3248160576301453,2.216544038420097,0.0,3.3248160576301453,3.3248160576301453,34.6,0.20817403024922576,34.808174030249226
2026,2026-06-14_bay_area_phoenix_vs_titans,2026-06-14,"Jun 14, 2026",Bay Area Phoenix vs Titans,Bay Area Phoenix,Titans,86,62,W,3,Alisha Wilson,True,Starter,33.517,6,21,7,14,1,0,4,0,2,2,5,2,5,0,0,2,5,0.4,0.4,,0.4,0.4,0.41666666666666663,0.0745,1.0,0.0,1.0,,1.2,6.444490855386818,22.555717993853865,1.0740818092311364,4.2963272369245455,0.0,0.0,2.1481636184622728,44.7,-0.39615166949632186,44.30384833050368
2026,2026-06-14_bay_area_phoenix_vs_titans,2026-06-14,"Jun 14, 2026",Bay Area Phoenix vs Titans,Bay Area Phoenix,Titans,86,62,W,5,Jess Wilson,True,Starter,18.8,4,4,2,2,0,2,0,0,0,2,5,2,3,0,2,0,0,0.4,0.6666666666666666,0.0,,0.4,0.4,0.1292,0.0,0.4,0.6,0.0,0.8,7.659574468085107,7.659574468085107,0.0,0.0,0.0,3.8297872340425534,0.0,5.800000000000001,-0.5628183361629879,5.237181663837013
2026,2026-06-14_bay_area_phoenix_vs_titans,2026-06-14,"Jun 14, 2026",Bay Area Phoenix vs Titans,Bay Area Phoenix,Titans,86,62,W,11,Delia Moore,True,Starter,33.983,15,2,1,1,4,4,2,1,5,4,15,0,7,4,8,3,4,0.26666666666666666,0.0,0.5,0.75,0.4,0.4474940334128878,0.212,0.26666666666666666,0.5333333333333333,0.4666666666666667,1.0,1.0,15.890298090221583,2.1187064120295442,4.2374128240590885,2.1187064120295442,1.0593532060147721,4.2374128240590885,5.2967660300738615,26.4,-0.08787800203411023,26.31212199796589
2026,2026-06-14_bay_area_phoenix_vs_titans,2026-06-14,"Jun 14, 2026",Bay Area Phoenix vs Titans,Bay Area Phoenix,Titans,86,62,W,12,Mina Tameilau,False,Bench,21.717,6,3,3,0,1,1,1,0,5,3,9,3,9,0,0,0,0,0.3333333333333333,0.3333333333333333,,,0.3333333333333333,0.3333333333333333,0.1598,0.0,0.0,1.0,1.0,0.6666666666666666,9.946125155408206,4.973062577704103,1.6576875259013675,1.6576875259013675,0.0,1.6576875259013675,8.28843762950684,12.6,-1.2294850028296551,11.370514997170345
2026,2026-06-14_bay_area_phoenix_vs_titans,2026-06-14,"Jun 14, 2026",Bay Area Phoenix vs Titans,Bay Area Phoenix,Titans,86,62,W,13,Madison Michelis,False,Bench,22.417,11,11,5,6,1,5,1,0,5,5,10,4,6,1,4,0,0,0.5,0.6666666666666666,0.25,,0.55,0.55,0.2322,0.0,0.4,0.6,0.2,1.1,17.665164830262746,17.665164830262746,1.6059240754784314,1.6059240754784314,0.0,8.029620377392158,8.029620377392158,21.2,0.9371816638370123,22.137181663837012
2026,2026-06-14_bay_area_phoenix_vs_titans,2026-06-14,"Jun 14, 2026",Bay Area Phoenix vs Titans,Bay Area Phoenix,Titans,86,62,W,23,Khalis Cain,True,Starter,37.0,19,16,11,5,2,4,1,1,1,7,17,7,17,0,0,5,7,0.4117647058823529,0.4117647058823529,,0.7142857142857143,0.4117647058823529,0.47310756972111556,0.2258,0.4117647058823529,0.0,1.0,0.5,1.1176470588235294,18.486486486486484,15.567567567567568,1.945945945945946,0.972972972972973,0.972972972972973,3.891891891891892,0.972972972972973,41.2,0.16825736104816746,41.36825736104817
2026,2026-06-14_bay_area_phoenix_vs_titans,2026-06-14,"Jun 14, 2026",Bay Area Phoenix vs Titans,Titans,Bay Area Phoenix,62,86,L,0,Mira Love-Sango,True,Starter,13.583,2,2,1,1,1,2,1,0,3,0,0,0,0,0,0,2,2,,,,1.0,,1.1363636363636365,0.0862,,,,0.5,,5.300743576529485,5.300743576529485,2.6503717882647426,2.6503717882647426,0.0,5.300743576529485,7.951115364794228,5.9,7.504074610648317,13.404074610648317
2026,2026-06-14_bay_area_phoenix_vs_titans,2026-06-14,"Jun 14, 2026",Bay Area Phoenix vs Titans,Titans,Bay Area Phoenix,62,86,L,1,Vivian Woo,True,Starter,25.183,4,3,2,1,0,3,2,0,1,2,9,2,4,0,5,0,0,0.2222222222222222,0.5,0.0,,0.2222222222222222,0.2222222222222222,0.1938,0.0,0.5555555555555556,0.4444444444444444,0.0,0.4444444444444444,5.718143191835763,4.288607393876822,0.0,2.8590715959178814,0.0,4.288607393876822,1.4295357979589407,9.1,-1.6373395307658263,7.462660469234173
2026,2026-06-14_bay_area_phoenix_vs_titans,2026-06-14,"Jun 14, 2026",Bay Area Phoenix vs Titans,Titans,Bay Area Phoenix,62,86,L,5,Jane Arnoldi,False,Bench,22.983,4,8,5,3,1,0,2,2,0,1,3,1,2,0,1,2,2,0.3333333333333333,0.5,0.0,1.0,0.3333333333333333,0.5154639175257733,0.0687,0.6666666666666666,0.3333333333333333,0.6666666666666666,,1.3333333333333333,6.2655005873906795,12.531001174781359,1.5663751468476699,3.1327502936953397,3.1327502936953397,0.0,0.0,27.1,1.2950774222696841,28.395077422269686
2026,2026-06-14_bay_area_phoenix_vs_titans,2026-06-14,"Jun 14, 2026",Bay Area Phoenix vs Titans,Titans,Bay Area Phoenix,62,86,L,8,Lauren Richter,True,Starter,17.467,0,5,3,2,0,1,0,1,2,0,2,0,0,0,2,0,2,0.0,,0.0,0.0,0.0,0.0,0.0903,1.0,1.0,0.0,0.0,0.0,0.0,10.30514684834259,0.0,0.0,2.061029369668518,2.061029369668518,4.122058739337036,7.5,-3.859561752988048,3.640438247011952
2026,2026-06-14_bay_area_phoenix_vs_titans,2026-06-14,"Jun 14, 2026",Bay Area Phoenix vs Titans,Titans,Bay Area Phoenix,62,86,L,10,Chance Bucher,False,Bench,27.767,23,4,2,2,0,4,3,2,4,8,19,7,15,1,4,6,7,0.42105263157894735,0.4666666666666667,0.25,0.8571428571428571,0.4473684210526316,0.5208333333333334,0.382,0.3684210526315789,0.21052631578947367,0.7894736842105263,0.0,1.2105263157894737,29.819569993157344,5.186012172723016,0.0,3.8895091295422626,2.593006086361508,5.186012172723016,5.186012172723016,36.8,1.3487715803452853,38.14877158034528
2026,2026-06-14_bay_area_phoenix_vs_titans,2026-06-14,"Jun 14, 2026",Bay Area Phoenix vs Titans,Titans,Bay Area Phoenix,62,86,L,11,Krista Andersen,False,Bench,13.05,2,1,0,1,0,0,0,1,2,1,3,1,2,0,1,0,0,0.3333333333333333,0.5,0.0,,0.3333333333333333,0.3333333333333333,0.0935,0.0,0.3333333333333333,0.6666666666666666,,0.6666666666666666,5.517241379310344,2.758620689655172,0.0,0.0,2.758620689655172,0.0,5.517241379310344,6.2,-0.5262284196547151,5.673771580345285
2026,2026-06-14_bay_area_phoenix_vs_titans,2026-06-14,"Jun 14, 2026",Bay Area Phoenix vs Titans,Titans,Bay Area Phoenix,62,86,L,22,Makaila Napoleon,False,Bench,16.383,6,1,1,0,1,2,0,0,4,2,9,2,8,0,1,2,3,0.2222222222222222,0.25,0.0,0.6666666666666666,0.2222222222222222,0.29069767441860467,0.3058,0.3333333333333333,0.1111111111111111,0.8888888888888888,0.5,0.6666666666666666,13.18439846182018,2.197399743636697,2.197399743636697,0.0,0.0,4.394799487273394,8.789598974546788,5.699999999999999,-0.9525850088020016,4.7474149911979975
2026,2026-06-14_bay_area_phoenix_vs_titans,2026-06-14,"Jun 14, 2026",Bay Area Phoenix vs Titans,Titans,Bay Area Phoenix,62,86,L,24,Destiny Jackson,True,Starter,19.933,4,0,0,0,0,1,0,0,1,1,9,0,4,1,5,1,2,0.1111111111111111,0.0,0.2,0.5,0.16666666666666666,0.20242914979757085,0.222,0.2222222222222222,0.5555555555555556,0.4444444444444444,0.0,0.4444444444444444,7.224201073596548,0.0,0.0,0.0,0.0,1.806050268399137,1.806050268399137,2.5,-1.8352702550123399,0.6647297449876601
2026,2026-06-14_bay_area_phoenix_vs_titans,2026-06-14,"Jun 14, 2026",Bay Area Phoenix vs Titans,Titans,Bay Area Phoenix,62,86,L,31,Ashley Hiraki,False,Bench,24.017,15,3,2,1,1,1,2,0,1,3,8,2,5,1,3,8,10,0.375,0.4,0.3333333333333333,0.8,0.4375,0.6048387096774194,0.2269,1.25,0.375,0.625,1.0,1.875,22.484073781071743,4.496814756214349,1.4989382520714494,2.9978765041428987,0.0,1.4989382520714494,1.4989382520714494,24.6,2.1888253437861453,26.788825343786147
2026,2026-06-14_bay_area_phoenix_vs_titans,2026-06-14,"Jun 14, 2026",Bay Area Phoenix vs Titans,Titans,Bay Area Phoenix,62,86,L,34,Olga Faasolo,True,Starter,19.567,2,1,0,1,0,2,1,0,2,1,6,1,3,0,3,0,0,0.16666666666666666,0.3333333333333333,0.0,,0.16666666666666666,0.16666666666666666,0.1663,0.0,0.5,0.5,0.0,0.3333333333333333,3.6796647416568713,1.8398323708284356,0.0,1.8398323708284356,0.0,3.6796647416568713,3.6796647416568713,3.2,-2.1928950863213816,1.0071049136786185
