season,team,player_name,player_number,games_played,starts,bench_games,total_minutes,mpg,ppg,rpg,oreb_pg,dreb_pg,apg,spg,bpg,tov_pg,fouls_pg,fgm,fga,fg2m,fg2a,fg3m,fg3a,ftm,fta,fg_pct,fg2_pct,fg3_pct,ft_pct,efg_pct,ts_pct,usage_pct,ft_rate,three_pt_rate,two_pt_rate,ast_tov_ratio,ppsa,pts_per36,reb_per36,ast_per36,stl_per36,blk_per36,tov_per36,fouls_per36,avg_impact_score,percentile_scoring,percentile_efficiency,percentile_playmaking,percentile_rebounding,percentile_defense,percentile_rim_pressure,percentile_spacing,player_role_label,watchability_score
2026,Alameda Wolves,Aaniya Webb,0,2,2,0,55.632999999999996,27.816499999999998,5.5,3.5,1.0,2.5,0.5,2.5,0.5,3.0,2.5,2,14,1,6,1,8,6,8,0.14285714285714285,0.16666666666666666,0.125,0.75,0.17857142857142858,0.3139269406392694,0.18341086765049522,0.5714285714285714,0.5714285714285714,0.42857142857142855,0.16666666666666666,0.7857142857142857,7.118077400104256,4.529685618248163,0.6470979454640232,3.235489727320116,0.6470979454640232,3.8825876727841395,3.235489727320116,14.007053219057886,23.9,16.9,12.7,28.2,81.7,58.45,50.25,Defensive Disruptor,41.8
2026,Alameda Wolves,Amber Harris,32,2,2,0,39.766,19.883,11.5,7.5,1.0,6.5,1.0,0.0,1.0,0.5,0.5,9,21,7,12,2,9,3,4,0.42857142857142855,0.5833333333333334,0.2222222222222222,0.75,0.47619047619047616,0.5052724077328646,0.25902578081778405,0.19047619047619047,0.42857142857142855,0.5714285714285714,2.0,1.0952380952380953,20.821807574309712,13.579439722375898,1.8105919629834533,0.0,1.8105919629834533,0.9052959814917266,0.9052959814917266,25.01275405102284,87.3,67.6,66.2,91.5,35.2,39.45,54.6,Small Sample Contributor,77.4
2026,Alameda Wolves,Bianca McGee,7,2,2,0,71.25,35.625,9.5,5.0,1.0,4.0,3.0,2.5,0.5,2.5,1.5,7,25,4,9,3,16,2,2,0.28,0.4444444444444444,0.1875,1.0,0.34,0.3670788253477589,0.18908460771929825,0.08,0.64,0.36,1.2,0.76,9.6,5.052631578947368,3.031578947368421,2.526315789473684,0.5052631578947369,2.526315789473684,1.5157894736842106,24.559025546908607,36.6,32.4,77.5,31.0,64.8,22.5,59.0,Connector,52.9
2026,Alameda Wolves,Jasmyne Huggins,2,2,0,2,40.2,20.1,1.0,6.0,3.5,2.5,0.5,1.0,1.0,0.5,1.5,0,8,0,8,0,0,2,2,0.0,0.0,,1.0,0.0,0.1126126126126126,0.1057223880597015,0.25,0.0,1.0,1.0,0.25,1.7910447761194028,10.746268656716417,0.8955223880597014,1.7910447761194028,1.7910447761194028,0.8955223880597014,2.6865671641791042,10.500343129881454,1.4,1.4,34.5,85.9,77.5,75.0,3.85,Glass Cleaner,36.5
2026,Alameda Wolves,Leilani Gonzales,5,2,0,2,31.7,15.85,1.5,1.0,0.5,0.5,0.0,1.0,0.5,0.0,1.0,1,5,1,5,0,0,1,1,0.2,0.2,,1.0,0.2,0.275735294117647,0.07502641324921136,0.2,0.0,1.0,,0.6,3.406940063091483,2.271293375394322,0.0,2.271293375394322,1.135646687697161,0.0,2.271293375394322,6.000343129881456,4.2,11.3,6.3,11.3,73.2,67.6,3.85,Small Sample Contributor,33.2
2026,Alameda Wolves,Micah Gray,3,2,2,0,64.883,32.4415,13.0,7.5,1.0,6.5,4.5,1.0,0.0,3.0,0.5,8,34,3,20,5,14,5,5,0.23529411764705882,0.15,0.35714285714285715,1.0,0.3088235294117647,0.3591160220994475,0.28103925527487944,0.14705882352941177,0.4117647058823529,0.5882352941176471,1.5,0.7647058823529411,14.425966740132239,8.32267311930706,4.993603871584236,1.1096897492409414,0.0,3.329069247722824,0.5548448746204707,26.501522275467643,60.6,28.2,90.1,67.6,19.7,38.05,65.15,Connector,64.0
2026,Alameda Wolves,Nevaeh Asiasi,24,2,2,0,69.1,34.55,20.5,6.5,2.0,4.5,2.5,1.0,0.0,1.0,2.5,15,26,13,23,2,3,9,13,0.5769230769230769,0.5652173913043478,0.6666666666666666,0.6923076923076923,0.6153846153846154,0.6462799495586381,0.2129046309696093,0.5,0.11538461538461539,0.8846153846153846,2.5,1.5769230769230769,21.3603473227207,6.772793053545587,2.604920405209841,1.0419681620839365,0.0,1.0419681620839365,2.604920405209841,35.855060426916296,90.1,88.7,80.3,52.1,15.5,79.6,60.0,Volume Scorer,86.4
2026,Alameda Wolves,Star-Fitz Gerald,12,2,0,2,27.35,13.675,7.5,3.0,0.0,3.0,0.0,1.0,0.0,0.0,0.5,4,8,1,2,3,6,4,4,0.5,0.5,0.5,1.0,0.6875,0.7684426229508197,0.15585528336380253,0.5,0.75,0.25,,1.875,19.744058500914075,7.897623400365631,0.0,2.6325411334552102,0.0,0.0,1.3162705667276051,17.585268766403146,81.7,95.8,6.3,66.2,56.3,45.449999999999996,89.25,Small Sample Contributor,75.0
2026,Bay Area Phoenix,Alisha Wilson,3,2,1,1,58.81700000000001,29.408500000000004,7.5,13.5,5.0,8.5,0.5,2.5,0.0,0.5,1.5,6,18,6,18,0,0,3,6,0.3333333333333333,0.3333333333333333,,0.5,0.3333333333333333,0.3633720930232558,0.1250853749766224,0.3333333333333333,0.0,1.0,1.0,0.8333333333333334,9.181019093119334,16.525834367614802,0.612067939541289,3.0603396977064454,0.0,0.612067939541289,1.8362038186238672,30.858873240950917,32.4,31.0,26.8,98.6,66.2,81.35,3.85,Glass Cleaner,60.4
2026,Bay Area Phoenix,Delia Moore,11,2,2,0,63.565999999999995,31.782999999999998,10.0,2.0,0.5,1.5,2.5,1.5,0.5,4.0,4.0,6,29,1,18,5,11,3,4,0.20689655172413793,0.05555555555555555,0.45454545454545453,0.75,0.29310344827586204,0.3250975292587776,0.20860265078815718,0.13793103448275862,0.3793103448275862,0.6206896551724138,0.625,0.6896551724137931,11.326809929836706,2.265361985967341,2.8317024824591766,1.699021489475506,0.5663404964918353,4.530723971934682,4.530723971934682,15.181760074682021,46.5,18.3,60.6,9.9,53.5,38.05,68.55,Floor Spacer,46.6
2026,Bay Area Phoenix,Jess Wilson,5,2,1,1,35.667,17.8335,3.0,3.0,1.5,1.5,0.5,0.0,0.0,1.5,0.0,3,6,3,4,0,2,0,0,0.5,0.75,0.0,,0.5,0.5,0.08696984046878067,0.0,0.3333333333333333,0.6666666666666666,0.3333333333333333,1.0,6.0560181680545035,6.0560181680545035,1.0093363613424173,0.0,0.0,3.0280090840272518,0.0,8.00143276476044,19.7,64.8,22.5,38.0,5.6,35.25,26.549999999999997,Small Sample Contributor,32.5
2026,Bay Area Phoenix,Jessenia Lawson,0,2,2,0,72.483,36.2415,26.0,6.5,2.0,4.5,2.5,4.5,0.0,4.0,3.0,20,51,19,40,1,11,11,13,0.39215686274509803,0.475,0.09090909090909091,0.8461538461538461,0.4019607843137255,0.45839210155148097,0.30467071865126993,0.2549019607843137,0.21568627450980393,0.7843137254901961,0.625,1.0196078431372548,25.82674558172261,6.456686395430652,2.4833409213194817,4.470013658375067,0.0,3.973345474111171,2.980009105583378,45.54859343027323,97.2,54.9,56.3,40.8,91.5,64.80000000000001,27.8,Volume Scorer,81.3
2026,Bay Area Phoenix,Khalis Cain,23,2,2,0,66.717,33.3585,13.5,13.5,10.5,3.0,2.0,1.5,0.5,3.0,1.5,10,28,9,26,1,2,6,10,0.35714285714285715,0.34615384615384615,0.5,0.6,0.375,0.4166666666666667,0.19747137011556273,0.35714285714285715,0.07142857142857142,0.9285714285714286,0.6666666666666666,0.9642857142857143,14.569000404694457,14.569000404694457,2.1583704303251046,1.6187778227438283,0.5395926075812761,3.2375556454876566,1.6187778227438283,34.090347236742645,62.0,43.7,53.5,95.8,47.9,78.85,52.3,Glass Cleaner,67.6
2026,Bay Area Phoenix,Madison Michelis,13,2,1,1,50.1,25.05,8.0,9.5,4.5,5.0,2.0,1.5,0.0,6.0,3.0,7,21,5,11,2,10,0,0,0.3333333333333333,0.45454545454545453,0.2,,0.38095238095238093,0.38095238095238093,0.22479576447105787,0.0,0.47619047619047616,0.5238095238095238,0.3333333333333333,0.7619047619047619,11.497005988023952,13.652694610778441,2.874251497005988,2.155688622754491,0.0,8.622754491017965,4.311377245508982,17.687796401124075,47.9,36.6,59.2,93.0,45.1,24.65,51.5,Glass Cleaner,56.3
2026,Bay Area Phoenix,Mina Tameilau,12,1,0,1,21.717,21.717,6.0,3.0,3.0,0.0,1.0,1.0,0.0,1.0,5.0,3,9,3,9,0,0,0,0,0.3333333333333333,0.3333333333333333,,,0.3333333333333333,0.3333333333333333,0.1598,0.0,0.0,1.0,1.0,0.6666666666666666,9.946125155408206,4.973062577704103,1.6576875259013675,1.6576875259013675,0.0,1.6576875259013675,8.28843762950684,11.370514997170345,38.0,21.1,49.3,29.6,32.4,51.800000000000004,3.85,Small Sample Contributor,37.3
2026,Bay Area Phoenix,Zhane Duckett,1,1,1,0,32.217,32.217,15.0,3.0,1.0,2.0,1.0,4.0,0.0,2.0,5.0,3,11,2,7,1,4,8,10,0.2727272727272727,0.2857142857142857,0.25,0.8,0.3181818181818182,0.487012987012987,0.1817,0.9090909090909091,0.36363636363636365,0.6363636363636364,0.5,1.3636363636363635,16.76133718223298,3.3522674364465965,1.1174224788155322,4.469689915262129,0.0,2.2348449576310645,5.587112394077661,30.335813735813737,73.2,57.7,28.2,18.3,90.1,73.6,53.8,Small Sample Contributor,75.5
2026,Bay City Blaze,Ameela Li,1,2,2,0,50.766999999999996,25.383499999999998,9.0,2.0,0.0,2.0,3.5,3.0,0.0,3.5,1.5,7,15,6,12,1,3,3,4,0.4666666666666667,0.5,0.3333333333333333,0.75,0.5,0.5369928400954653,0.1777812693285008,0.26666666666666666,0.2,0.8,1.0,1.2,12.764197214726103,2.836488269939134,4.963854472393485,4.254732404908701,0.0,4.963854472393485,2.1273662024543505,19.8133064662781,54.9,71.8,84.5,14.1,85.9,66.55,49.7,Efficiency Finisher,66.4
2026,Bay City Blaze,Antoinette Howard,23,2,0,2,46.4,23.2,8.0,5.0,2.0,3.0,2.5,2.0,0.5,2.0,1.5,6,19,5,11,1,8,3,4,0.3157894736842105,0.45454545454545453,0.125,0.75,0.34210526315789475,0.3853564547206165,0.20358618534482759,0.21052631578947367,0.42105263157894735,0.5789473684210527,1.25,0.8421052631578947,12.413793103448278,7.758620689655173,3.8793103448275863,3.1034482758620694,0.7758620689655173,3.1034482758620694,2.327586206896552,20.203357187257033,53.5,38.0,81.7,64.8,80.3,46.15,42.85,Connector,58.3
2026,Bay City Blaze,Chandler Prater,5,2,2,0,58.166,29.083,17.0,8.0,4.5,3.5,2.5,0.5,0.5,3.0,2.0,10,22,6,12,4,10,10,10,0.45454545454545453,0.5,0.4,1.0,0.5454545454545454,0.6439393939393939,0.21109169274146408,0.45454545454545453,0.45454545454545453,0.5454545454545454,0.8333333333333334,1.5454545454545454,21.043221125743564,9.902692294467558,3.094591342021112,0.6189182684042224,0.6189182684042224,3.7135096104253345,2.4756730736168895,29.399348844519984,88.7,87.3,69.0,77.5,21.1,58.449999999999996,70.45,Volume Scorer,81.6
2026,Bay City Blaze,Courtney Range,12,2,1,1,52.4,26.2,14.5,10.5,2.0,8.5,2.0,3.0,0.5,1.5,1.5,10,21,6,9,4,12,5,5,0.47619047619047616,0.6666666666666666,0.3333333333333333,1.0,0.5714285714285714,0.625,0.18986259541984735,0.23809523809523808,0.5714285714285714,0.42857142857142855,1.3333333333333333,1.380952380952381,19.923664122137403,14.427480916030534,2.7480916030534353,4.122137404580153,0.6870229007633588,2.0610687022900764,2.0610687022900764,38.9341703725815,83.1,84.5,73.2,94.4,95.8,40.85,71.15,Efficiency Finisher,90.3
2026,Bay City Blaze,Eboni Walker,24,2,1,1,48.416,24.208,14.0,5.0,2.5,2.5,0.5,2.0,1.0,2.0,1.0,12,23,11,20,1,3,3,3,0.5217391304347826,0.55,0.3333333333333333,1.0,0.5434782608695652,0.5756578947368421,0.22226885533707869,0.13043478260869565,0.13043478260869565,0.8695652173913043,0.25,1.2173913043478262,20.81956378056841,7.435558493060146,0.7435558493060146,2.9742233972240584,1.4871116986120292,2.9742233972240584,1.4871116986120292,26.37799796904067,85.9,78.9,15.5,59.2,88.7,52.15,47.2,Volume Scorer,78.2
2026,Bay City Blaze,Isabella Mauricio,3,2,2,0,54.599999999999994,27.299999999999997,12.5,2.5,0.5,2.0,3.0,0.5,0.0,2.5,3.0,9,17,4,4,5,13,2,2,0.5294117647058824,1.0,0.38461538461538464,1.0,0.6764705882352942,0.6991051454138703,0.15996625274725274,0.11764705882352941,0.7647058823529411,0.23529411764705882,1.2,1.4705882352941178,16.483516483516485,3.296703296703297,3.9560439560439566,0.6593406593406593,0.0,3.296703296703297,3.9560439560439566,18.766193995394595,71.8,90.1,83.1,16.9,11.3,16.2,85.7,Efficiency Finisher,76.7
2026,Bay City Blaze,Jasia Gamble,7,2,0,2,34.167,17.0835,3.0,4.5,0.5,4.0,1.0,0.5,0.5,1.5,0.0,3,6,3,4,0,2,0,0,0.5,0.75,0.0,,0.5,0.5,0.10028028799719027,0.0,0.3333333333333333,0.6666666666666666,0.6666666666666666,1.0,6.321889542541048,9.482834313811571,2.1072965141803497,1.0536482570901748,1.0536482570901748,3.160944771270524,0.0,9.74564743669014,21.1,64.8,50.7,74.6,40.8,35.25,26.549999999999997,Small Sample Contributor,46.0
2026,Bay City Blaze,Koi Love,8,2,2,0,56.7,28.35,22.0,7.5,2.5,5.0,6.0,2.5,2.0,5.0,3.0,19,32,15,22,4,10,2,5,0.59375,0.6818181818181818,0.4,0.4,0.65625,0.6432748538011696,0.2946258095238095,0.15625,0.3125,0.6875,1.2,1.375,27.936507936507937,9.523809523809524,7.619047619047619,3.1746031746031744,2.5396825396825395,6.349206349206349,3.8095238095238093,46.47945748456961,98.6,85.9,97.2,76.1,98.6,47.9,58.45,Volume Scorer,91.8
2026,Hayward Reign,Alaiyah San Juan,1,2,1,1,58.099999999999994,29.049999999999997,12.5,3.0,0.5,2.5,2.5,1.0,0.0,2.0,4.0,9,20,5,10,4,10,3,4,0.45,0.5,0.4,0.75,0.55,0.5744485294117647,0.20884462822719452,0.2,0.5,0.5,1.25,1.25,15.490533562822721,3.717728055077453,3.0981067125645443,1.2392426850258178,0.0,2.4784853700516356,4.956970740103271,20.92525863479984,66.2,77.5,78.9,21.1,22.5,37.65,73.94999999999999,Efficiency Finisher,71.1
2026,Hayward Reign,Alexsandra Alvarado,7,2,1,1,50.166,25.083,6.5,4.5,0.0,4.5,2.5,1.0,0.5,4.5,2.5,4,19,2,4,2,15,3,4,0.21052631578947367,0.5,0.13333333333333333,0.75,0.2631578947368421,0.3131021194605009,0.2761123031535303,0.21052631578947367,0.7894736842105263,0.21052631578947367,0.5555555555555556,0.6842105263157895,9.32902762827413,6.458557588805167,3.5880875493362043,1.4352350197344816,0.7176175098672408,6.458557588805167,3.5880875493362043,12.118779204197383,33.8,15.5,76.1,42.3,43.7,26.75,63.9,Connector,43.4
2026,Hayward Reign,Brandi Williams,2,2,1,1,44.132999999999996,22.066499999999998,13.5,4.0,1.0,3.0,1.0,1.0,0.0,0.5,1.5,8,14,3,5,5,9,6,9,0.5714285714285714,0.6,0.5555555555555556,0.6666666666666666,0.75,0.7516703786191536,0.20564671107787824,0.6428571428571429,0.6428571428571429,0.35714285714285715,2.0,1.9285714285714286,22.02433553123513,6.525729046291891,1.6314322615729728,1.6314322615729728,0.0,0.8157161307864864,2.447148392359459,25.96193574422934,93.0,94.4,64.8,43.7,29.6,55.25,87.1,Volume Scorer,83.5
2026,Hayward Reign,Deja Jackson,3,2,1,1,39.55,19.775,2.5,1.0,0.0,1.0,0.0,0.0,0.0,1.5,1.5,2,8,1,2,1,6,0,0,0.25,0.5,0.16666666666666666,,0.3125,0.3125,0.12302410113780028,0.0,0.75,0.25,0.0,0.625,4.551201011378003,1.820480404551201,0.0,0.0,0.0,2.7307206068268015,2.7307206068268015,3.268847672880402,11.3,14.1,6.3,5.6,5.6,10.25,62.599999999999994,Small Sample Contributor,20.3
2026,Hayward Reign,Diamond Richardson,5,2,1,1,38.816,19.408,3.0,6.0,2.5,3.5,2.5,1.5,0.0,1.5,2.5,2,9,1,6,1,3,1,2,0.2222222222222222,0.16666666666666666,0.3333333333333333,0.5,0.2777777777777778,0.30364372469635625,0.1503299335325639,0.2222222222222222,0.3333333333333333,0.6666666666666666,1.6666666666666667,0.6666666666666666,5.564715581203627,11.129431162407254,4.637262984336356,2.7823577906018135,0.0,2.7823577906018135,4.637262984336356,14.951837363602051,15.5,12.7,85.9,87.3,59.2,55.650000000000006,55.65,Small Sample Contributor,46.1
2026,Hayward Reign,Janessa Yniguez,0,2,1,1,34.183,17.0915,5.5,1.5,0.5,1.0,0.0,0.0,0.0,3.5,2.0,4,12,2,3,2,9,1,3,0.3333333333333333,0.6666666666666666,0.2222222222222222,0.3333333333333333,0.4166666666666667,0.4129129129129129,0.27119435099318373,0.25,0.75,0.25,0.0,0.9166666666666666,11.584705847936108,3.1594652312553024,0.0,0.0,0.0,7.372085539595706,4.212620308340403,0.975329154361884,49.3,42.3,6.3,15.5,5.6,33.449999999999996,70.4,Small Sample Contributor,36.5
2026,Hayward Reign,Kayla Thomas,23,2,0,2,51.616,25.808,7.5,6.0,2.0,4.0,0.5,1.0,0.0,1.0,1.0,6,12,6,10,0,2,3,4,0.5,0.6,0.0,0.75,0.5,0.5450581395348837,0.1400874864383137,0.3333333333333333,0.16666666666666666,0.8333333333333334,0.5,1.25,10.46187228766274,8.369497830130193,0.6974581525108493,1.3949163050216986,0.0,1.3949163050216986,1.3949163050216986,18.587929049338825,39.4,73.2,16.9,69.0,26.8,71.8,19.55,Efficiency Finisher,51.0
2026,Hayward Reign,Melesungu Afeaki,24,2,2,0,50.05,25.025,4.0,3.0,1.0,2.0,2.5,1.0,0.5,0.0,1.5,4,16,4,15,0,1,0,1,0.25,0.26666666666666666,0.0,0.0,0.25,0.24330900243309,0.1503710849150849,0.0625,0.0625,0.9375,,0.5,5.754245754245754,4.315684315684316,3.5964035964035963,1.4385614385614385,0.7192807192807192,0.0,2.157842157842158,13.722116438013575,16.9,8.5,62.0,25.4,46.5,54.2,13.9,Connector,33.4
2026,Hayward Reign,Paloma Ramirez,11,2,1,1,27.3,13.65,1.5,2.5,1.5,1.0,0.5,0.0,0.0,1.0,1.0,1,8,0,5,1,3,0,0,0.125,0.0,0.3333333333333333,,0.1875,0.1875,0.17419785347985348,0.0,0.375,0.625,0.5,0.375,3.956043956043956,6.593406593406593,1.3186813186813187,0.0,0.0,2.6373626373626373,2.6373626373626373,0.5688476728804024,7.0,4.9,31.0,47.9,5.6,29.95,60.95,Small Sample Contributor,21.3
2026,Hayward Reign,Rosemarie Julien,10,2,1,1,55.933,27.9665,11.5,3.0,1.0,2.0,1.0,1.5,0.5,3.0,1.5,7,19,4,7,3,12,6,10,0.3684210526315789,0.5714285714285714,0.25,0.6,0.4473684210526316,0.4914529914529915,0.24995967854397225,0.5263157894736842,0.631578947368421,0.3684210526315789,0.3333333333333333,1.2105263157894737,14.803425526969768,3.861763180948635,1.2872543936495449,1.9308815904743175,0.6436271968247724,3.861763180948635,1.9308815904743175,18.968502272506,64.8,60.6,29.6,22.5,54.9,53.85,68.6,Floor Spacer,60.4
2026,Oakland Swish,Andriana Avent,2,2,0,2,41.900000000000006,20.950000000000003,13.0,4.5,1.0,3.5,0.0,2.5,1.0,0.5,2.0,6,23,2,4,4,19,10,14,0.2608695652173913,0.5,0.21052631578947367,0.7142857142857143,0.34782608695652173,0.4458161865569273,0.2713409307875895,0.6086956521739131,0.8260869565217391,0.17391304347826086,0.0,1.1304347826086956,22.338902147971357,7.732696897374701,0.0,4.295942720763723,1.718377088305489,0.8591885441527445,3.436754176610978,27.797538197103812,94.4,53.5,6.3,62.0,100.0,47.15,71.15,Volume Scorer,80.4
2026,Oakland Swish,Angel Jackson,24,2,2,0,51.0,25.5,11.5,7.5,2.0,5.5,1.5,1.0,1.5,3.5,3.5,10,25,9,23,1,2,2,4,0.4,0.391304347826087,0.5,0.5,0.42,0.429745889387145,0.24995333333333336,0.16,0.08,0.92,0.42857142857142855,0.92,16.235294117647058,10.588235294117647,2.1176470588235294,1.4117647058823528,2.1176470588235294,4.9411764705882355,4.9411764705882355,24.598896949734268,70.4,49.3,46.5,81.7,76.1,58.449999999999996,53.0,Volume Scorer,69.2
2026,Oakland Swish,Cordasia Harris,1,2,0,2,38.884,19.442,7.5,9.0,5.0,4.0,0.5,0.5,2.0,1.5,2.0,6,13,6,13,0,0,3,4,0.46153846153846156,0.46153846153846156,,0.75,0.46153846153846156,0.508130081300813,0.17162897078489867,0.3076923076923077,0.0,1.0,0.3333333333333333,1.1538461538461537,13.8874601378459,16.66495216541508,0.9258306758563933,0.9258306758563933,3.7033227034255733,2.77749202756918,3.7033227034255733,24.94381892953702,57.7,69.0,18.3,100.0,93.0,79.95,3.85,Small Sample Contributor,77.2
2026,Oakland Swish,Destiney McPhaul,5,2,0,2,32.15,16.075,2.0,3.0,0.0,3.0,3.5,1.5,0.0,2.0,1.5,0,4,0,1,0,3,4,4,0.0,0.0,0.0,1.0,0.0,0.3472222222222222,0.11453652255054433,1.0,0.75,0.25,1.75,1.0,4.47900466562986,6.7185069984447905,7.838258164852255,3.3592534992223952,0.0,4.47900466562986,3.3592534992223952,10.479491260920437,9.9,25.4,98.6,50.7,71.8,53.9,51.55,Small Sample Contributor,41.0
2026,Oakland Swish,Jada Holland,8,2,2,0,53.333,26.6665,8.0,4.5,0.5,4.0,4.5,1.5,0.0,3.0,1.5,7,15,7,11,0,4,2,3,0.4666666666666667,0.6363636363636364,0.0,0.6666666666666666,0.4666666666666667,0.49019607843137253,0.16195764161026008,0.2,0.26666666666666666,0.7333333333333333,1.5,1.0666666666666667,10.800067500421878,6.075037968987306,6.075037968987306,2.025012656329102,0.0,4.050025312658204,2.025012656329102,20.936986149313555,42.3,59.2,94.4,39.4,39.4,53.85,23.75,Connector,60.7
2026,Oakland Swish,Jada Lewis,10,2,2,0,71.867,35.9335,12.0,4.0,1.0,3.0,4.5,2.0,1.0,2.5,1.5,8,26,4,7,4,19,4,5,0.3076923076923077,0.5714285714285714,0.21052631578947367,0.8,0.38461538461538464,0.425531914893617,0.17824002532455788,0.19230769230769232,0.7307692307692307,0.2692307692307692,1.8,0.9230769230769231,12.022207689203666,4.007402563067889,4.508327883451376,2.0037012815339446,1.0018506407669723,2.5046266019174306,1.5027759611504583,28.57765194734468,52.1,46.5,87.3,23.9,63.4,26.05,66.2,Connector,65.5
2026,Oakland Swish,Rhema Ogele,23,2,2,0,55.75,27.875,13.0,6.0,2.0,4.0,1.5,2.0,0.5,3.0,1.5,12,22,12,20,0,2,2,6,0.5454545454545454,0.6,0.0,0.3333333333333333,0.5454545454545454,0.5275974025974026,0.20998070134529148,0.2727272727272727,0.09090909090909091,0.9090909090909091,0.5,1.1818181818181819,16.789237668161434,7.748878923766816,1.937219730941704,2.5829596412556053,0.6457399103139013,3.874439461883408,1.937219730941704,26.130064244362092,74.6,70.4,43.7,63.4,69.0,71.85,16.0,Volume Scorer,72.1
2026,Oakland Swish,alayna Contreras,3,2,2,0,55.0,27.5,12.0,5.5,2.0,3.5,2.0,1.0,0.0,2.0,0.0,8,25,5,13,3,12,5,6,0.32,0.38461538461538464,0.25,0.8333333333333334,0.38,0.4341534008683068,0.21814745636363636,0.24,0.48,0.52,1.0,0.96,15.709090909090909,7.2,2.618181818181818,1.309090909090909,0.0,2.618181818181818,0.0,21.23968127351352,69.0,50.7,63.4,57.7,23.9,45.75,61.2,Volume Scorer,61.2
2026,Royals,Ashiala Jackson,13,2,2,0,66.63300000000001,33.316500000000005,18.0,11.5,2.0,9.5,1.5,2.0,0.0,3.0,4.0,14,28,14,25,0,3,8,11,0.5,0.56,0.0,0.7272727272727273,0.5,0.5481120584652862,0.21977019494844896,0.39285714285714285,0.10714285714285714,0.8928571428571429,0.5,1.2857142857142858,19.44982216019089,12.426275269010848,1.620818513349241,2.1610913511323218,0.0,3.241637026698482,4.3221827022646435,36.090863102744194,80.3,74.6,38.0,90.1,49.3,77.44999999999999,16.700000000000003,Volume Scorer,77.2
2026,Royals,Ashley Hart,3,2,2,0,64.783,32.3915,7.0,5.0,0.5,4.5,4.5,1.5,1.5,2.5,2.0,6,14,4,5,2,9,0,0,0.42857142857142855,0.8,0.2222222222222222,,0.5,0.5,0.11169537687356251,0.0,0.6428571428571429,0.35714285714285715,1.8,1.0,7.779818779618109,5.5570134140129355,5.0013120726116425,1.6671040242038806,1.6671040242038806,2.7785067070064677,2.2228053656051743,25.30478496762656,26.8,64.8,91.5,35.2,70.4,14.45,66.2,Connector,62.0
2026,Royals,Ayanna Mazyck,23,2,1,1,57.266999999999996,28.633499999999998,16.5,9.0,1.0,8.0,2.5,3.0,0.0,3.5,3.5,13,45,7,23,6,22,1,2,0.28888888888888886,0.30434782608695654,0.2727272727272727,0.5,0.35555555555555557,0.3596338273757628,0.35155782911624495,0.044444444444444446,0.4888888888888889,0.5111111111111111,0.7142857142857143,0.7333333333333333,20.74493163602075,11.315417256011317,3.1431714600031433,3.7718057520037718,0.0,4.400440044004401,4.400440044004401,33.512257938541744,84.5,29.6,67.6,88.7,78.9,28.15,65.19999999999999,Volume Scorer,73.9
2026,Royals,Jhaina Stephens,2,2,2,0,64.767,32.3835,17.0,8.0,3.5,4.5,1.0,3.5,0.0,2.0,3.5,13,29,13,29,0,0,8,15,0.4482758620689655,0.4482758620689655,,0.5333333333333333,0.4482758620689655,0.47752808988764045,0.2335388515756481,0.5172413793103449,0.0,1.0,0.5,1.1724137931034482,18.898513131687437,8.893417944323499,1.1116772430404374,3.8908703506415305,0.0,2.2233544860808747,3.8908703506415305,35.477334165509134,78.9,56.3,25.4,70.4,83.1,88.4,3.85,Volume Scorer,79.2
2026,Royals,Miyu Mizukawa,1,2,2,0,76.88300000000001,38.441500000000005,12.5,2.0,1.0,1.0,6.5,2.0,0.0,2.5,4.5,9,19,4,11,5,8,2,4,0.47368421052631576,0.36363636363636365,0.625,0.5,0.6052631578947368,0.6021194605009633,0.12666690035508502,0.21052631578947367,0.42105263157894735,0.5789473684210527,2.6,1.3157894736842106,11.706098877515183,1.8729758204024296,6.087171416307895,1.8729758204024296,0.0,2.3412197755030366,4.214195595905466,28.04327825968022,50.7,80.3,95.8,7.0,36.6,46.15,76.05,Efficiency Finisher,75.2
2026,Royals,Tamiah Robinson,5,1,1,0,20.983,20.983,3.0,6.0,0.0,6.0,6.0,1.0,1.0,1.0,2.0,1,8,0,3,1,5,0,0,0.125,0.0,0.2,,0.1875,0.1875,0.1761,0.0,0.625,0.375,6.0,0.375,5.147023781156174,10.294047562312349,10.294047562312349,1.7156745937187245,1.7156745937187245,1.7156745937187245,3.431349187437449,20.71674668495656,12.7,4.9,100.0,80.3,74.6,17.65,58.55,Small Sample Contributor,48.4
2026,Royals,Teionnii McDaniel,0,2,0,2,48.766,24.383,14.5,2.5,1.0,1.5,3.0,2.0,0.0,1.5,3.0,10,19,3,7,7,12,2,3,0.5263157894736842,0.42857142857142855,0.5833333333333334,0.6666666666666666,0.7105263157894737,0.7135826771653543,0.17913262518968134,0.15789473684210525,0.631578947368421,0.3684210526315789,2.0,1.5263157894736843,21.40835828240988,3.6910962555879094,4.429315506705492,2.9528770044703276,0.0,2.214657753352746,4.429315506705492,28.320321266297505,91.5,91.5,88.7,19.7,62.0,27.799999999999997,85.80000000000001,Efficiency Finisher,88.3
2026,SF Riptide,Abigail Cooper,3,1,1,0,0.033,0.033,6.0,0.0,0.0,0.0,0.0,0.0,0.0,0.0,0.0,2,2,0,0,2,2,0,0,1.0,,1.0,,1.5,1.5,29.8291,0.0,1.0,0.0,,3.0,6545.454545454545,0.0,0.0,0.0,0.0,0.0,0.0,15.841907824222936,100.0,100.0,6.3,2.1,5.6,5.65,100.0,Small Sample Contributor,72.0
2026,SF Riptide,Alexis Whitfield,24,2,0,2,32.534,16.267,7.0,3.0,1.0,2.0,1.5,1.0,0.0,2.0,1.0,5,8,3,5,2,3,2,4,0.625,0.6,0.6666666666666666,0.5,0.75,0.7172131147540983,0.18414613942337246,0.5,0.375,0.625,0.75,1.75,15.491485830208397,6.639208212946457,3.3196041064732285,2.2130694043154855,0.0,4.426138808630971,2.2130694043154855,12.057222939759807,67.6,93.0,71.8,49.3,50.7,65.15,74.45,Small Sample Contributor,68.3
2026,SF Riptide,Aniya Mcdonald-Perry,10,2,2,0,46.65,23.325,9.5,5.0,3.5,1.5,0.5,2.0,0.0,1.0,2.0,6,13,5,11,1,2,6,6,0.46153846153846156,0.45454545454545453,0.5,1.0,0.5,0.6074168797953964,0.18283633440514468,0.46153846153846156,0.15384615384615385,0.8461538461538461,0.5,1.4615384615384615,14.662379421221866,7.717041800643087,0.7717041800643086,3.0868167202572345,0.0,1.5434083601286173,3.0868167202572345,22.951435506757186,63.4,81.7,19.7,60.6,67.6,76.8,56.55,Efficiency Finisher,70.8
2026,SF Riptide,Chloe Sterling,2,2,1,1,48.1,24.05,7.5,3.0,1.0,2.0,0.5,1.5,0.0,3.5,1.0,4,11,3,7,1,4,6,6,0.36363636363636365,0.42857142857142855,0.25,1.0,0.4090909090909091,0.5498533724340176,0.18918459875259874,0.5454545454545454,0.36363636363636365,0.6363636363636364,0.14285714285714285,1.3636363636363635,11.226611226611228,4.49064449064449,0.7484407484407484,2.245322245322245,0.0,5.23908523908524,1.4968814968814967,14.54459650258094,45.1,76.1,14.1,26.8,52.1,69.35,53.8,Efficiency Finisher,55.6
2026,SF Riptide,Da'Ja Hamilton,0,2,0,2,37.283,18.6415,4.5,0.0,0.0,0.0,1.0,1.0,0.0,2.5,0.5,4,18,3,9,1,9,0,0,0.2222222222222222,0.3333333333333333,0.1111111111111111,,0.25,0.25,0.2689996727731137,0.0,0.5,0.5,0.4,0.5,8.690287798728644,0.0,1.9311750663841427,1.9311750663841427,0.0,4.8279376659603574,0.9655875331920714,3.015781498318365,29.6,9.9,42.3,2.1,38.0,21.849999999999998,46.9,Small Sample Contributor,27.8
2026,SF Riptide,Deaja Smith,12,2,0,2,33.583,16.7915,3.0,5.0,2.5,2.5,0.5,0.0,0.5,2.0,2.0,3,9,3,9,0,0,0,0,0.3333333333333333,0.3333333333333333,,,0.3333333333333333,0.3333333333333333,0.17841392073370457,0.0,0.0,1.0,0.25,0.6666666666666666,6.431825626060805,10.719709376768007,1.0719709376768007,0.0,1.0719709376768007,4.287883750707203,4.287883750707203,6.765781498318365,22.5,21.1,21.1,84.5,16.9,51.800000000000004,3.85,Small Sample Contributor,32.9
2026,SF Riptide,Finau Tonga,32,2,2,0,52.283,26.1415,8.0,5.0,1.5,3.5,2.0,0.0,0.0,1.5,1.0,7,12,7,12,0,0,2,2,0.5833333333333334,0.5833333333333334,,1.0,0.5833333333333334,0.6211180124223602,0.1404458676816556,0.16666666666666666,0.0,1.0,1.3333333333333333,1.3333333333333333,11.016965361589808,6.88560335099363,2.754241340397452,0.0,0.0,2.065681005298089,1.377120670198726,16.14950242855092,43.7,83.1,74.6,53.5,5.6,64.45,3.85,Efficiency Finisher,61.3
2026,SF Riptide,Jaslyn Woods,7,2,0,2,19.9,9.95,1.5,1.5,0.5,1.0,0.5,0.5,0.0,0.5,1.0,1,1,1,1,0,0,1,1,1.0,1.0,,1.0,1.0,1.0416666666666667,0.06088129648241207,1.0,0.0,1.0,1.0,3.0,5.42713567839196,5.42713567839196,1.8090452261306533,1.8090452261306533,0.0,1.8090452261306533,3.6180904522613067,7.429287245444803,14.1,97.2,52.1,32.4,33.8,95.45,3.85,Small Sample Contributor,54.8
2026,SF Riptide,Jolene Armendariz,8,2,1,1,43.883,21.9415,5.5,4.0,0.5,3.5,1.5,1.0,0.0,1.0,1.0,3,14,0,2,3,12,2,4,0.21428571428571427,0.0,0.25,0.5,0.32142857142857145,0.3489847715736041,0.1833287742405943,0.2857142857142857,0.8571428571428571,0.14285714285714285,1.5,0.7857142857142857,9.023995624729393,6.562905908894105,2.461089715835289,1.6407264772235262,0.0,1.6407264772235262,1.6407264772235262,12.433837053873921,31.0,26.8,70.4,46.5,31.0,33.449999999999996,78.8,Connector,47.0
2026,SF Riptide,Mele Katokakala Finau,11,1,0,1,27.15,27.15,6.0,8.0,0.0,8.0,1.0,1.0,0.0,2.0,4.0,2,6,2,3,0,3,2,2,0.3333333333333333,0.6666666666666666,0.0,1.0,0.3333333333333333,0.436046511627907,0.16239999999999996,0.3333333333333333,0.5,0.5,0.5,1.0,7.955801104972377,10.607734806629836,1.3259668508287294,1.3259668508287294,0.0,2.651933701657459,5.303867403314918,16.302372940502007,28.2,52.1,32.4,83.1,25.4,51.4,39.949999999999996,Small Sample Contributor,46.7
2026,SF Riptide,Sidney Richards,5,2,1,1,50.849999999999994,25.424999999999997,12.5,1.0,0.0,1.0,1.5,2.0,0.0,1.5,4.0,9,26,7,17,2,9,5,9,0.34615384615384615,0.4117647058823529,0.2222222222222222,0.5555555555555556,0.38461538461538464,0.4172229639519359,0.3009344405113078,0.34615384615384615,0.34615384615384615,0.6538461538461539,1.0,0.9615384615384616,17.69911504424779,1.4159292035398232,2.1238938053097347,2.8318584070796464,0.0,2.1238938053097347,5.663716814159293,19.05468577767974,76.1,45.1,57.7,4.2,60.6,64.05,47.55,Volume Scorer,60.6
2026,SF Riptide,Taylor Linzie,13,2,2,0,57.599999999999994,28.799999999999997,6.0,8.0,1.5,6.5,1.5,3.5,0.0,4.0,4.5,3,12,3,8,0,4,6,7,0.25,0.375,0.0,0.8571428571428571,0.25,0.3978779840848806,0.1857019166666667,0.5833333333333334,0.3333333333333333,0.6666666666666666,0.375,1.0,7.5,10.0,1.875,4.375,0.0,5.0,5.625000000000001,21.643805751497897,25.4,39.4,39.4,78.9,87.3,74.65,26.549999999999997,Defensive Disruptor,56.6
2026,Titans,Ashley Hiraki,31,2,1,1,51.034,25.517,10.0,6.5,4.0,2.5,1.0,1.5,0.0,1.5,1.0,4,14,2,6,2,8,10,14,0.2857142857142857,0.3333333333333333,0.25,0.7142857142857143,0.35714285714285715,0.49603174603174605,0.17729595367794018,1.0,0.5714285714285714,0.42857142857142855,0.6666666666666666,1.4285714285714286,14.108241564447232,9.170357016890701,1.410824156444723,2.1162362346670847,0.0,2.1162362346670847,1.410824156444723,22.222717088957864,59.2,62.0,36.6,71.8,42.3,63.400000000000006,65.4,Glass Cleaner,59.5
2026,Titans,Chance Bucher,10,2,1,1,59.233999999999995,29.616999999999997,20.0,4.5,1.0,3.5,1.5,3.0,1.0,3.5,4.0,15,43,13,28,2,15,8,9,0.3488372093023256,0.4642857142857143,0.13333333333333333,0.8888888888888888,0.37209302325581395,0.42589437819420783,0.3526228669345309,0.20930232558139536,0.3488372093023256,0.6511627906976745,0.42857142857142855,0.9302325581395349,24.31036229192694,5.46983151568356,1.8232771718945202,3.6465543437890404,1.2155181145963467,4.254313401087214,4.862072458385387,34.750064821882575,95.8,47.9,40.8,33.8,97.2,50.0,39.25,Volume Scorer,76.7
2026,Titans,Destiny Jackson,24,2,2,0,51.75,25.875,13.0,2.0,0.5,1.5,1.5,0.5,0.0,3.0,1.5,6,24,2,8,4,16,10,18,0.25,0.25,0.25,0.5555555555555556,0.3333333333333333,0.40726817042606517,0.2781331806763285,0.75,0.6666666666666666,0.3333333333333333,0.5,1.0833333333333333,18.086956521739133,2.782608695652174,2.0869565217391304,0.6956521739130435,0.0,4.173913043478261,2.0869565217391304,14.195307342208906,77.5,40.8,47.9,12.7,12.7,54.95,71.75,Volume Scorer,56.1
2026,Titans,Jane Arnoldi,5,2,0,2,37.433,18.7165,3.0,8.0,4.0,4.0,1.5,1.0,1.5,0.0,0.0,2,8,2,6,0,2,2,2,0.25,0.3333333333333333,0.0,1.0,0.25,0.33783783783783783,0.09143675633799055,0.25,0.25,0.75,,0.75,5.770309619854139,15.387492319611038,2.8851548099270694,1.9234365399513798,2.8851548099270694,0.0,0.0,21.965018385931593,18.3,23.9,54.9,97.2,94.4,62.3,22.700000000000003,Small Sample Contributor,57.0
2026,Titans,Krista Andersen,11,2,1,1,18.317,9.1585,1.0,0.5,0.0,0.5,0.0,0.0,1.0,0.0,1.0,1,3,1,2,0,1,0,0,0.3333333333333333,0.5,0.0,,0.3333333333333333,0.3333333333333333,0.06661434732761916,0.0,0.3333333333333333,0.6666666666666666,,0.6666666666666666,3.9307746901785223,1.9653873450892612,0.0,0.0,3.9307746901785223,0.0,3.9307746901785223,4.3368857901726425,5.6,21.1,6.3,8.5,84.5,35.25,26.549999999999997,Small Sample Contributor,30.8
2026,Titans,Lauren Richter,8,2,2,0,40.2,20.1,1.5,4.0,1.5,2.5,0.5,0.0,0.5,0.5,2.0,1,7,0,2,1,5,0,2,0.14285714285714285,0.0,0.2,0.0,0.21428571428571427,0.1903553299492386,0.08509742288557214,0.2857142857142857,0.7142857142857143,0.2857142857142857,1.0,0.42857142857142855,2.6865671641791042,7.164179104477611,0.8955223880597014,0.0,0.8955223880597014,0.8955223880597014,3.5820895522388057,5.337698798302724,2.8,7.0,34.5,56.3,14.1,39.8,63.45,Floor Spacer,23.2
2026,Titans,Makaila Napoleon,22,2,0,2,31.25,15.625,6.0,3.0,1.5,1.5,0.5,0.0,0.0,2.0,2.5,5,15,5,12,0,3,2,3,0.3333333333333333,0.4166666666666667,0.0,0.6666666666666666,0.3333333333333333,0.3676470588235294,0.2547050944,0.2,0.2,0.8,0.25,0.8,13.824,6.912,1.1520000000000001,0.0,0.0,4.6080000000000005,5.76,7.341187170395747,56.3,33.8,23.9,54.9,5.6,57.0,20.6,Small Sample Contributor,39.1
2026,Titans,Mira Love-Sango,0,2,1,1,23.966,11.983,3.5,2.0,1.5,0.5,2.0,0.5,0.0,1.5,2.0,2,2,2,2,0,0,3,3,1.0,1.0,,1.0,1.0,1.0542168674698795,0.10175327130100975,1.5,0.0,1.0,1.3333333333333333,3.5,10.514896102812317,6.008512058749895,6.008512058749895,1.5021280146874738,0.0,4.506384044062422,6.008512058749895,14.992467799793037,40.8,98.6,93.0,36.6,28.2,96.85,3.85,Small Sample Contributor,73.2
2026,Titans,Olga Faasolo,34,2,1,1,33.0,16.5,2.0,3.0,1.5,1.5,0.0,0.5,0.0,1.0,2.0,2,12,2,9,0,3,0,0,0.16666666666666666,0.2222222222222222,0.0,,0.16666666666666666,0.16666666666666666,0.16564870303030305,0.0,0.25,0.75,0.0,0.3333333333333333,4.363636363636363,6.545454545454546,0.0,1.0909090909090908,0.0,2.1818181818181817,4.363636363636363,3.3043654649693908,8.5,2.8,6.3,45.1,18.3,39.1,22.700000000000003,Small Sample Contributor,16.4
2026,Titans,Vivian Woo,1,2,1,1,53.866,26.933,7.0,7.0,3.0,4.0,1.5,2.0,0.0,3.0,1.5,6,18,4,7,2,11,0,1,0.3333333333333333,0.5714285714285714,0.18181818181818182,0.0,0.3888888888888889,0.3796095444685466,0.17574865592395944,0.05555555555555555,0.6111111111111112,0.3888888888888889,0.5,0.7777777777777778,9.356551442468346,9.356551442468346,2.00497530910036,2.6733004121338135,0.0,4.00995061820072,2.00497530910036,18.947114994159598,35.2,35.2,45.1,73.2,57.7,23.950000000000003,55.349999999999994,Glass Cleaner,49.2
